WCAG,Level,Result,Observations,Components,Pages,Title,Description,Priority
"1.1.1","A","Fail","305 issue(s)","Main content – Image | Page content – Image","221 page(s)","Images must have alternate text (https://dequeuniversity.com/rules/axe/4.2/image-alt?application=axeAPI)","Images must have alternate text (https://dequeuniversity.com/rules/axe/4.2/image-alt?application=axeAPI)","TBD"
"1.2.2","A","Fail","7 issue(s)","Header – Media","7 page(s)","<video> elements must have captions (https://dequeuniversity.com/rules/axe/4.2/video-caption?application=axeAPI)","<video> elements must have captions (https://dequeuniversity.com/rules/axe/4.2/video-caption?application=axeAPI)","TBD"
"1.3.1","A","Fail","34 issue(s)","Page content – Widget (role=tablist) | Page content – Button","3 page(s)","Certain ARIA roles must contain particular children (https://dequeuniversity.com/rules/axe/4.2/aria-required-children?application=axeAPI)","Certain ARIA roles must contain particular children (https://dequeuniversity.com/rules/axe/4.2/aria-required-children?application=axeAPI) | Certain ARIA roles must be contained by particular parents (https://dequeuniversity.com/rules/axe/4.2/aria-required-parent?application=axeAPI)","TBD"
"1.3.1, 4.1.2","A","Fail","20 issue(s)","Form – Form field","5 page(s)","Select element must have an accessible name (https://dequeuniversity.com/rules/axe/4.2/select-name?application=axeAPI)","Select element must have an accessible name (https://dequeuniversity.com/rules/axe/4.2/select-name?application=axeAPI)","TBD"
"1.4.3","AA","Fail","4116 issue(s)","Main content – Text | Main content – Link | Main content – Heading | Cookie banner – Link | Navigation – Text | Page content – Link | Page content – Text | Cookie banner – Text | Form – Form field | Page content – Form field | Footer – Text | Navigation – Link | Search – Text | Page content – Button","768 page(s)","Elements must have sufficient color contrast (https://dequeuniversity.com/rules/axe/4.2/color-contrast?application=axeAPI)","Elements must have sufficient color contrast (https://dequeuniversity.com/rules/axe/4.2/color-contrast?application=axeAPI)","TBD"
"2.4.1, 4.1.2","A","Fail","24 issue(s)","Main content – Embed | Page content – Embed","12 page(s)","Frames must have an accessible name (https://dequeuniversity.com/rules/axe/4.2/frame-title?application=axeAPI)","Frames must have an accessible name (https://dequeuniversity.com/rules/axe/4.2/frame-title?application=axeAPI)","TBD"
"2.4.4, 4.1.2","A","Fail","76 issue(s)","Page content – Link | Main content – Link","25 page(s)","Links must have discernible text (https://dequeuniversity.com/rules/axe/4.2/link-name?application=axeAPI)","Links must have discernible text (https://dequeuniversity.com/rules/axe/4.2/link-name?application=axeAPI)","TBD"
"4.1.2","A","Fail","817 issue(s)","Search – Button | Footer – Text | Page content – Text","767 page(s)","Buttons must have discernible text (https://dequeuniversity.com/rules/axe/4.2/button-name?application=axeAPI)","Buttons must have discernible text (https://dequeuniversity.com/rules/axe/4.2/button-name?application=axeAPI) | Elements must only use allowed ARIA attributes (https://dequeuniversity.com/rules/axe/4.2/aria-allowed-attr?application=axeAPI) | ARIA toggle fields have an accessible name (https://dequeuniversity.com/rules/axe/4.2/aria-toggle-field-name?application=axeAPI)","TBD"
"Best practice","","Best practice (not a WCAG failure)","868 issue(s)","Main content – Heading | Page content – Heading | Page content – Widget (role=heading)","559 page(s)","Heading levels should only increase by one (https://dequeuniversity.com/rules/axe/4.2/heading-order?application=axeAPI)","Heading levels should only increase by one (https://dequeuniversity.com/rules/axe/4.2/heading-order?application=axeAPI)","TBD"
"Best practice","","Best practice (not a WCAG failure)","13 issue(s)","Navigation – Text","13 page(s)","Ensures landmarks are unique (https://dequeuniversity.com/rules/axe/4.2/landmark-unique?application=axeAPI)","Ensures landmarks are unique (https://dequeuniversity.com/rules/axe/4.2/landmark-unique?application=axeAPI)","TBD"
"Best practice","","Best practice (not a WCAG failure)","318 issue(s)","Main content – Embed | Page content – Embed","101 page(s)","Frames should be tested with axe-core (https://dequeuniversity.com/rules/axe/4.2/frame-tested?application=axeAPI)","Frames should be tested with axe-core (https://dequeuniversity.com/rules/axe/4.2/frame-tested?application=axeAPI)","TBD"
"Best practice","","Best practice (not a WCAG failure)","1 issue(s)","Page content – Widget (role=main)","1 page(s)","Main landmark should not be contained in another landmark (https://dequeuniversity.com/rules/axe/4.2/landmark-main-is-top-level?application=axeAPI)","Main landmark should not be contained in another landmark (https://dequeuniversity.com/rules/axe/4.2/landmark-main-is-top-level?application=axeAPI)","TBD"
"Best practice","","Best practice (not a WCAG failure)","1 issue(s)","Main content – Text","1 page(s)","Document should not have more than one main landmark (https://dequeuniversity.com/rules/axe/4.2/landmark-no-duplicate-main?application=axeAPI)","Document should not have more than one main landmark (https://dequeuniversity.com/rules/axe/4.2/landmark-no-duplicate-main?application=axeAPI)","TBD"
"Best practice","","Best practice (not a WCAG failure)","6 issue(s)","Page content – Embed | Main content – Embed","3 page(s)","Frames should have a unique title attribute (https://dequeuniversity.com/rules/axe/4.2/frame-title-unique?application=axeAPI)","Frames should have a unique title attribute (https://dequeuniversity.com/rules/axe/4.2/frame-title-unique?application=axeAPI)","TBD"
"Best practice","","Best practice (not a WCAG failure)","1 issue(s)","Page content – Whole page","1 page(s)","Document should have one main landmark (https://dequeuniversity.com/rules/axe/4.2/landmark-one-main?application=axeAPI)","Document should have one main landmark (https://dequeuniversity.com/rules/axe/4.2/landmark-one-main?application=axeAPI)","TBD"
"Best practice","","Best practice (not a WCAG failure)","19 issue(s)","Page content – Text | Page content – Widget (role=heading) | Page content – Widget (role=radiogroup) | Page content – Form field | Page content – Widget (role=list) | Page content – Button","1 page(s)","All page content should be contained by landmarks (https://dequeuniversity.com/rules/axe/4.2/region?application=axeAPI)","All page content should be contained by landmarks (https://dequeuniversity.com/rules/axe/4.2/region?application=axeAPI)","TBD"