"https://www.kingsheathltn.co.uk/","","Header / Navigation","This element has insufficient contrast at this conformance level. Expected a contrast ratio of at least 4.5:1, but text in this element has a contrast ratio of 3.05:1. Recommendation:  change background to #008390.","1.4.3","AA","High","Automated","To do","#menu-item-169 > a"
"https://www.kingsheathltn.co.uk/","","Header / Navigation","This element has insufficient contrast at this conformance level. Expected a contrast ratio of at least 4.5:1, but text in this element has a contrast ratio of 3.05:1. Recommendation:  change background to #008390.","1.4.3","AA","High","Automated","To do","#menu-item-168 > a"
"https://www.kingsheathltn.co.uk/","","Header / Navigation","This element has insufficient contrast at this conformance level. Expected a contrast ratio of at least 4.5:1, but text in this element has a contrast ratio of 3.05:1. Recommendation:  change background to #008390.","1.4.3","AA","High","Automated","To do","#menu-item-24 > a"
"https://www.kingsheathltn.co.uk/","","Header / Navigation","This element has insufficient contrast at this conformance level. Expected a contrast ratio of at least 4.5:1, but text in this element has a contrast ratio of 3.05:1. Recommendation:  change background to #008390.","1.4.3","AA","High","Automated","To do","#menu-item-25 > a"
"https://www.kingsheathltn.co.uk/","","Page content","This element has insufficient contrast at this conformance level. Expected a contrast ratio of at least 4.5:1, but text in this element has a contrast ratio of 3.05:1. Recommendation:  change background to #008390.","1.4.3","AA","High","Automated","To do","html > body > div > article:nth-child(3) > p:nth-child(2)"
"https://www.kingsheathltn.co.uk/","","Page content","This element has insufficient contrast at this conformance level. Expected a contrast ratio of at least 4.5:1, but text in this element has a contrast ratio of 3.05:1. Recommendation:  change background to #008390.","1.4.3","AA","High","Automated","To do","html > body > div > article:nth-child(3) > p:nth-child(4)"
"https://www.kingsheathltn.co.uk/","","Page content","This element has insufficient contrast at this conformance level. Expected a contrast ratio of at least 4.5:1, but text in this element has a contrast ratio of 3.42:1. Recommendation:  change text colour to #003337.","1.4.3","AA","High","Automated","To do","html > body > div > article:nth-child(3) > p:nth-child(4) > a"
"https://www.kingsheathltn.co.uk/","","Page content","This element has insufficient contrast at this conformance level. Expected a contrast ratio of at least 4.5:1, but text in this element has a contrast ratio of 3.05:1. Recommendation:  change background to #008390.","1.4.3","AA","High","Automated","To do","html > body > div > article:nth-child(3) > p:nth-child(5)"
"https://www.kingsheathltn.co.uk/","","Page content","This element has insufficient contrast at this conformance level. Expected a contrast ratio of at least 4.5:1, but text in this element has a contrast ratio of 3.05:1. Recommendation:  change background to #008390.","1.4.3","AA","High","Automated","To do","html > body > div > article:nth-child(3) > p:nth-child(6)"
"https://www.kingsheathltn.co.uk/","","Page content","This element has insufficient contrast at this conformance level. Expected a contrast ratio of at least 4.5:1, but text in this element has a contrast ratio of 3.05:1. Recommendation:  change background to #008390.","1.4.3","AA","High","Automated","To do","html > body > div > article:nth-child(3) > p:nth-child(7)"
"https://www.kingsheathltn.co.uk/","","Page content","This element has insufficient contrast at this conformance level. Expected a contrast ratio of at least 4.5:1, but text in this element has a contrast ratio of 3.05:1. Recommendation:  change background to #008390.","1.4.3","AA","High","Automated","To do","html > body > div > article:nth-child(3) > p:nth-child(8)"
"https://www.kingsheathltn.co.uk/","","Page content","This element has insufficient contrast at this conformance level. Expected a contrast ratio of at least 4.5:1, but text in this element has a contrast ratio of 3.05:1. Recommendation:  change background to #008390.","1.4.3","AA","High","Automated","To do","html > body > div > article:nth-child(3) > p:nth-child(9)"
"https://www.kingsheathltn.co.uk/","","Page content","This element has insufficient contrast at this conformance level. Expected a contrast ratio of at least 4.5:1, but text in this element has a contrast ratio of 3.42:1. Recommendation:  change text colour to #003337.","1.4.3","AA","High","Automated","To do","html > body > div > article:nth-child(3) > p:nth-child(9) > a"
"https://www.kingsheathltn.co.uk/","","Page content","Iframe element requires a non-empty title attribute that identifies the frame.","2.4.1","AA","Medium","Automated","To do","html > body > div > article:nth-child(3) > div > iframe"
"https://www.kingsheathltn.co.uk/","","Page content","This element has insufficient contrast at this conformance level. Expected a contrast ratio of at least 4.5:1, but text in this element has a contrast ratio of 3.05:1. Recommendation:  change background to #008390.","1.4.3","AA","High","Automated","To do","html > body > div > article:nth-child(3) > p:nth-child(13)"
"https://www.kingsheathltn.co.uk/","","Page content","This element has insufficient contrast at this conformance level. Expected a contrast ratio of at least 4.5:1, but text in this element has a contrast ratio of 1.5:1. Recommendation:  change background to #005058.","1.4.3","AA","High","Automated","To do","html > body > div > article:nth-child(3) > p:nth-child(13) > span"
"https://www.kingsheathltn.co.uk/","","Page content","This element has insufficient contrast at this conformance level. Expected a contrast ratio of at least 4.5:1, but text in this element has a contrast ratio of 3.05:1. Recommendation:  change background to #008390.","1.4.3","AA","High","Automated","To do","html > body > div > article:nth-child(3) > p:nth-child(14)"
"https://www.kingsheathltn.co.uk/","","Page content","This element has insufficient contrast at this conformance level. Expected a contrast ratio of at least 4.5:1, but text in this element has a contrast ratio of 1.75:1. Recommendation:  change background to #005b64.","1.4.3","AA","High","Automated","To do","html > body > div > article:nth-child(3) > p:nth-child(14) > span:nth-child(1)"
"https://www.kingsheathltn.co.uk/","","Page content","This element has insufficient contrast at this conformance level. Expected a contrast ratio of at least 4.5:1, but text in this element has a contrast ratio of 1.05:1. Recommendation:  change background to #00373d.","1.4.3","AA","High","Automated","To do","html > body > div > article:nth-child(3) > p:nth-child(14) > span:nth-child(2)"
"https://www.kingsheathltn.co.uk/","","Page content","This element has insufficient contrast at this conformance level. Expected a contrast ratio of at least 4.5:1, but text in this element has a contrast ratio of 3.05:1. Recommendation:  change background to #008390.","1.4.3","AA","High","Automated","To do","html > body > div > article:nth-child(3) > p:nth-child(15)"
"https://www.kingsheathltn.co.uk/","","Page content","This element has insufficient contrast at this conformance level. Expected a contrast ratio of at least 4.5:1, but text in this element has a contrast ratio of 1.69:1. Recommendation:  change text colour to #630000.","1.4.3","AA","High","Automated","To do","html > body > div > article:nth-child(3) > p:nth-child(15) > span"
"https://www.kingsheathltn.co.uk/","","Page content","This element has insufficient contrast at this conformance level. Expected a contrast ratio of at least 4.5:1, but text in this element has a contrast ratio of 3.05:1. Recommendation:  change background to #008390.","1.4.3","AA","High","Automated","To do","html > body > div > article:nth-child(3) > p:nth-child(16)"
"https://www.kingsheathltn.co.uk/","","Page content","This element has insufficient contrast at this conformance level. Expected a contrast ratio of at least 4.5:1, but text in this element has a contrast ratio of 1.48:1. Recommendation:  change text colour to #41007e.","1.4.3","AA","High","Automated","To do","html > body > div > article:nth-child(3) > p:nth-child(16) > span"
"https://www.kingsheathltn.co.uk/","","Page content","This element has insufficient contrast at this conformance level. Expected a contrast ratio of at least 4.5:1, but text in this element has a contrast ratio of 3.05:1. Recommendation:  change background to #008390.","1.4.3","AA","High","Automated","To do","html > body > div > article:nth-child(3) > p:nth-child(17)"
"https://www.kingsheathltn.co.uk/","","Page content","This element has insufficient contrast at this conformance level. Expected a contrast ratio of at least 4.5:1, but text in this element has a contrast ratio of 3.05:1. Recommendation:  change background to #008390.","1.4.3","AA","High","Automated","To do","html > body > div > article:nth-child(4) > div:nth-child(1) > div > h3 > time"
"https://www.kingsheathltn.co.uk/","","Page content","This element has insufficient contrast at this conformance level. Expected a contrast ratio of at least 4.5:1, but text in this element has a contrast ratio of 3.05:1. Recommendation:  change background to #008390.","1.4.3","AA","High","Automated","To do","html > body > div > article:nth-child(4) > div:nth-child(2) > div > h3 > time"
"https://www.kingsheathltn.co.uk/","","Page content","This element has insufficient contrast at this conformance level. Expected a contrast ratio of at least 4.5:1, but text in this element has a contrast ratio of 3.05:1. Recommendation:  change background to #008390.","1.4.3","AA","High","Automated","To do","html > body > div > article:nth-child(4) > div:nth-child(2) > div > p:nth-child(4)"
"https://www.kingsheathltn.co.uk/","","Page content","This element has insufficient contrast at this conformance level. Expected a contrast ratio of at least 4.5:1, but text in this element has a contrast ratio of 3.05:1. Recommendation:  change background to #008390.","1.4.3","AA","High","Automated","To do","html > body > div > article:nth-child(4) > div:nth-child(3) > div > h3 > time"
"https://www.kingsheathltn.co.uk/","","Page content","This element has insufficient contrast at this conformance level. Expected a contrast ratio of at least 4.5:1, but text in this element has a contrast ratio of 3.05:1. Recommendation:  change background to #008390.","1.4.3","AA","High","Automated","To do","html > body > div > article:nth-child(4) > div:nth-child(4) > div > h3 > time"
"https://www.kingsheathltn.co.uk/","","Page content","This element has insufficient contrast at this conformance level. Expected a contrast ratio of at least 4.5:1, but text in this element has a contrast ratio of 3.05:1. Recommendation:  change background to #008390.","1.4.3","AA","High","Automated","To do","html > body > div > article:nth-child(4) > div:nth-child(5) > div > h3 > time"
"https://www.kingsheathltn.co.uk/","","Page content","This element has insufficient contrast at this conformance level. Expected a contrast ratio of at least 4.5:1, but text in this element has a contrast ratio of 3.05:1. Recommendation:  change background to #008390.","1.4.3","AA","High","Automated","To do","html > body > div > article:nth-child(4) > div:nth-child(6) > div > h3 > time"
"https://www.kingsheathltn.co.uk/","","Page content","This element has insufficient contrast at this conformance level. Expected a contrast ratio of at least 4.5:1, but text in this element has a contrast ratio of 3.05:1. Recommendation:  change background to #008390.","1.4.3","AA","High","Automated","To do","html > body > div > article:nth-child(4) > div:nth-child(7) > div > h3 > time"
"https://www.kingsheathltn.co.uk/","","Page content","This element has insufficient contrast at this conformance level. Expected a contrast ratio of at least 4.5:1, but text in this element has a contrast ratio of 3.05:1. Recommendation:  change background to #008390.","1.4.3","AA","High","Automated","To do","html > body > div > article:nth-child(4) > div:nth-child(7) > div > p:nth-child(4)"
"https://www.kingsheathltn.co.uk/","","Page content","This element has insufficient contrast at this conformance level. Expected a contrast ratio of at least 4.5:1, but text in this element has a contrast ratio of 3.05:1. Recommendation:  change background to #008390.","1.4.3","AA","High","Automated","To do","html > body > div > article:nth-child(4) > div:nth-child(8) > div > h3 > time"
"https://www.kingsheathltn.co.uk/","","Page content","This element has insufficient contrast at this conformance level. Expected a contrast ratio of at least 4.5:1, but text in this element has a contrast ratio of 3.05:1. Recommendation:  change background to #008390.","1.4.3","AA","High","Automated","To do","html > body > div > article:nth-child(4) > div:nth-child(8) > div > p:nth-child(4)"
"https://www.kingsheathltn.co.uk/","","Page content","This element has insufficient contrast at this conformance level. Expected a contrast ratio of at least 4.5:1, but text in this element has a contrast ratio of 3.05:1. Recommendation:  change background to #008390.","1.4.3","AA","High","Automated","To do","html > body > div > article:nth-child(4) > div:nth-child(9) > div > h3 > time"
"https://www.kingsheathltn.co.uk/","","Page content","This element has insufficient contrast at this conformance level. Expected a contrast ratio of at least 4.5:1, but text in this element has a contrast ratio of 3.05:1. Recommendation:  change background to #008390.","1.4.3","AA","High","Automated","To do","html > body > div > article:nth-child(4) > div:nth-child(9) > div > p:nth-child(4)"
"https://www.kingsheathltn.co.uk/","","Page content","This element has insufficient contrast at this conformance level. Expected a contrast ratio of at least 4.5:1, but text in this element has a contrast ratio of 3.05:1. Recommendation:  change background to #008390.","1.4.3","AA","High","Automated","To do","html > body > div > article:nth-child(4) > div:nth-child(10) > div > h3 > time"
"https://www.kingsheathltn.co.uk/","","Page content","This element has insufficient contrast at this conformance level. Expected a contrast ratio of at least 4.5:1, but text in this element has a contrast ratio of 3.05:1. Recommendation:  change background to #008390.","1.4.3","AA","High","Automated","To do","html > body > div > article:nth-child(4) > div:nth-child(10) > div > p:nth-child(4)"
"https://www.kingsheathltn.co.uk/","","Page content","This element has insufficient contrast at this conformance level. Expected a contrast ratio of at least 4.5:1, but text in this element has a contrast ratio of 3.05:1. Recommendation:  change background to #008390.","1.4.3","AA","High","Automated","To do","html > body > div > article:nth-child(4) > div:nth-child(11) > div > h3 > time"
"https://www.kingsheathltn.co.uk/","","Page content","This element has insufficient contrast at this conformance level. Expected a contrast ratio of at least 4.5:1, but text in this element has a contrast ratio of 3.05:1. Recommendation:  change background to #008390.","1.4.3","AA","High","Automated","To do","html > body > div > article:nth-child(4) > div:nth-child(12) > div > h3 > time"
"https://www.kingsheathltn.co.uk/","","Page content","This element has insufficient contrast at this conformance level. Expected a contrast ratio of at least 4.5:1, but text in this element has a contrast ratio of 3.05:1. Recommendation:  change background to #008390.","1.4.3","AA","High","Automated","To do","html > body > div > article:nth-child(4) > div:nth-child(13) > div > h3 > time"
"https://www.kingsheathltn.co.uk/","","Page content","This element has insufficient contrast at this conformance level. Expected a contrast ratio of at least 4.5:1, but text in this element has a contrast ratio of 3.05:1. Recommendation:  change background to #008390.","1.4.3","AA","High","Automated","To do","html > body > div > article:nth-child(4) > div:nth-child(14) > div > h3 > time"
"https://www.kingsheathltn.co.uk/","","Page content","This element has insufficient contrast at this conformance level. Expected a contrast ratio of at least 4.5:1, but text in this element has a contrast ratio of 3.05:1. Recommendation:  change background to #008390.","1.4.3","AA","High","Automated","To do","html > body > div > article:nth-child(4) > div:nth-child(14) > div > p:nth-child(4)"
"https://www.kingsheathltn.co.uk/","","Page content","This element has insufficient contrast at this conformance level. Expected a contrast ratio of at least 4.5:1, but text in this element has a contrast ratio of 3.05:1. Recommendation:  change background to #008390.","1.4.3","AA","High","Automated","To do","html > body > div > article:nth-child(4) > div:nth-child(15) > div > h3 > time"
"https://www.kingsheathltn.co.uk/","","Page content","This element has insufficient contrast at this conformance level. Expected a contrast ratio of at least 4.5:1, but text in this element has a contrast ratio of 3.05:1. Recommendation:  change background to #008390.","1.4.3","AA","High","Automated","To do","html > body > div > article:nth-child(4) > div:nth-child(16) > div > h3 > time"
"https://www.kingsheathltn.co.uk/","","Page content","This element has insufficient contrast at this conformance level. Expected a contrast ratio of at least 4.5:1, but text in this element has a contrast ratio of 3.05:1. Recommendation:  change background to #008390.","1.4.3","AA","High","Automated","To do","html > body > div > article:nth-child(4) > div:nth-child(16) > div > p:nth-child(4)"
"https://www.kingsheathltn.co.uk/","","Page content","This element has insufficient contrast at this conformance level. Expected a contrast ratio of at least 4.5:1, but text in this element has a contrast ratio of 3.05:1. Recommendation:  change background to #008390.","1.4.3","AA","High","Automated","To do","html > body > div > article:nth-child(4) > div:nth-child(17) > div > h3 > time"
"https://www.kingsheathltn.co.uk/","","Page content","This element has insufficient contrast at this conformance level. Expected a contrast ratio of at least 4.5:1, but text in this element has a contrast ratio of 3.05:1. Recommendation:  change background to #008390.","1.4.3","AA","High","Automated","To do","html > body > div > article:nth-child(4) > div:nth-child(17) > div > p:nth-child(4)"
"https://www.kingsheathltn.co.uk/","","Page content","This element has insufficient contrast at this conformance level. Expected a contrast ratio of at least 4.5:1, but text in this element has a contrast ratio of 3.05:1. Recommendation:  change background to #008390.","1.4.3","AA","High","Automated","To do","html > body > div > article:nth-child(4) > div:nth-child(18) > div > h3 > time"
"https://www.kingsheathltn.co.uk/","","Page content","This element has insufficient contrast at this conformance level. Expected a contrast ratio of at least 4.5:1, but text in this element has a contrast ratio of 3.05:1. Recommendation:  change background to #008390.","1.4.3","AA","High","Automated","To do","html > body > div > article:nth-child(4) > div:nth-child(19) > div > h3 > time"
"https://www.kingsheathltn.co.uk/","","Page content","This element has insufficient contrast at this conformance level. Expected a contrast ratio of at least 4.5:1, but text in this element has a contrast ratio of 3.05:1. Recommendation:  change background to #008390.","1.4.3","AA","High","Automated","To do","html > body > div > article:nth-child(4) > div:nth-child(20) > div > h3 > time"
"https://www.kingsheathltn.co.uk/","","Page content","This element has insufficient contrast at this conformance level. Expected a contrast ratio of at least 4.5:1, but text in this element has a contrast ratio of 3.05:1. Recommendation:  change background to #008390.","1.4.3","AA","High","Automated","To do","html > body > div > article:nth-child(4) > div:nth-child(21) > div > h3 > time"
"https://www.kingsheathltn.co.uk/","","Page content","This element has insufficient contrast at this conformance level. Expected a contrast ratio of at least 4.5:1, but text in this element has a contrast ratio of 3.05:1. Recommendation:  change background to #008390.","1.4.3","AA","High","Automated","To do","html > body > div > article:nth-child(4) > div:nth-child(22) > div > h3 > time"
"https://www.kingsheathltn.co.uk/","","Page content","This element has insufficient contrast at this conformance level. Expected a contrast ratio of at least 4.5:1, but text in this element has a contrast ratio of 3.05:1. Recommendation:  change background to #008390.","1.4.3","AA","High","Automated","To do","html > body > div > article:nth-child(4) > div:nth-child(23) > div > h3 > time"
"https://www.kingsheathltn.co.uk/","","Page content","This element has insufficient contrast at this conformance level. Expected a contrast ratio of at least 4.5:1, but text in this element has a contrast ratio of 3.05:1. Recommendation:  change background to #008390.","1.4.3","AA","High","Automated","To do","html > body > div > article:nth-child(4) > div:nth-child(23) > div > p:nth-child(4)"
"https://www.kingsheathltn.co.uk/","","Page content","This element has insufficient contrast at this conformance level. Expected a contrast ratio of at least 4.5:1, but text in this element has a contrast ratio of 3.05:1. Recommendation:  change background to #008390.","1.4.3","AA","High","Automated","To do","html > body > div > article:nth-child(4) > div:nth-child(24) > div > h3 > time"
"https://www.kingsheathltn.co.uk/","","Page content","This element has insufficient contrast at this conformance level. Expected a contrast ratio of at least 4.5:1, but text in this element has a contrast ratio of 3.05:1. Recommendation:  change background to #008390.","1.4.3","AA","High","Automated","To do","html > body > div > article:nth-child(4) > div:nth-child(25) > div > h3 > time"
"https://www.kingsheathltn.co.uk/","","Page content","This element has insufficient contrast at this conformance level. Expected a contrast ratio of at least 4.5:1, but text in this element has a contrast ratio of 3.05:1. Recommendation:  change background to #008390.","1.4.3","AA","High","Automated","To do","html > body > div > article:nth-child(4) > div:nth-child(26) > div > h3 > time"
"https://www.kingsheathltn.co.uk/","","Page content","This element has insufficient contrast at this conformance level. Expected a contrast ratio of at least 4.5:1, but text in this element has a contrast ratio of 3.05:1. Recommendation:  change background to #008390.","1.4.3","AA","High","Automated","To do","html > body > div > article:nth-child(4) > div:nth-child(27) > div > h3 > time"
"https://www.kingsheathltn.co.uk/","","Page content","This element has insufficient contrast at this conformance level. Expected a contrast ratio of at least 4.5:1, but text in this element has a contrast ratio of 3.05:1. Recommendation:  change background to #008390.","1.4.3","AA","High","Automated","To do","html > body > div > article:nth-child(4) > div:nth-child(28) > div > h3 > time"
"https://www.kingsheathltn.co.uk/","","Page content","This element has insufficient contrast at this conformance level. Expected a contrast ratio of at least 4.5:1, but text in this element has a contrast ratio of 3.05:1. Recommendation:  change background to #008390.","1.4.3","AA","High","Automated","To do","html > body > div > article:nth-child(4) > div:nth-child(29) > div > h3 > time"
"https://www.kingsheathltn.co.uk/","","Page content","This element has insufficient contrast at this conformance level. Expected a contrast ratio of at least 4.5:1, but text in this element has a contrast ratio of 3.05:1. Recommendation:  change background to #008390.","1.4.3","AA","High","Automated","To do","html > body > div > article:nth-child(4) > div:nth-child(30) > div > h3 > time"
"https://www.kingsheathltn.co.uk/","","Page content","This element has insufficient contrast at this conformance level. Expected a contrast ratio of at least 4.5:1, but text in this element has a contrast ratio of 3.05:1. Recommendation:  change background to #008390.","1.4.3","AA","High","Automated","To do","html > body > div > article:nth-child(4) > div:nth-child(31) > div > h3 > time"
"https://www.kingsheathltn.co.uk/","","Page content","This element has insufficient contrast at this conformance level. Expected a contrast ratio of at least 4.5:1, but text in this element has a contrast ratio of 3.05:1. Recommendation:  change background to #008390.","1.4.3","AA","High","Automated","To do","html > body > div > article:nth-child(4) > div:nth-child(32) > div > h3 > time"
"https://www.kingsheathltn.co.uk/","","Page content","This element has insufficient contrast at this conformance level. Expected a contrast ratio of at least 4.5:1, but text in this element has a contrast ratio of 3.05:1. Recommendation:  change background to #008390.","1.4.3","AA","High","Automated","To do","html > body > div > article:nth-child(4) > div:nth-child(33) > div > h3 > time"
"https://www.kingsheathltn.co.uk/","","Page content","This element has insufficient contrast at this conformance level. Expected a contrast ratio of at least 4.5:1, but text in this element has a contrast ratio of 3.05:1. Recommendation:  change background to #008390.","1.4.3","AA","High","Automated","To do","html > body > div > article:nth-child(4) > div:nth-child(33) > div > p:nth-child(4)"
"https://www.kingsheathltn.co.uk/","","Page content","This element has insufficient contrast at this conformance level. Expected a contrast ratio of at least 4.5:1, but text in this element has a contrast ratio of 3.05:1. Recommendation:  change background to #008390.","1.4.3","AA","High","Automated","To do","html > body > div > article:nth-child(4) > div:nth-child(34) > div > h3 > time"
"https://www.kingsheathltn.co.uk/","","Page content","This element has insufficient contrast at this conformance level. Expected a contrast ratio of at least 4.5:1, but text in this element has a contrast ratio of 3.05:1. Recommendation:  change background to #008390.","1.4.3","AA","High","Automated","To do","html > body > div > article:nth-child(4) > div:nth-child(34) > div > p:nth-child(4)"
"https://www.kingsheathltn.co.uk/","","Page content","This element has insufficient contrast at this conformance level. Expected a contrast ratio of at least 4.5:1, but text in this element has a contrast ratio of 3.05:1. Recommendation:  change background to #008390.","1.4.3","AA","High","Automated","To do","html > body > div > article:nth-child(4) > div:nth-child(35) > div > h3 > time"
"https://www.kingsheathltn.co.uk/","","Page content","This element has insufficient contrast at this conformance level. Expected a contrast ratio of at least 4.5:1, but text in this element has a contrast ratio of 3.05:1. Recommendation:  change background to #008390.","1.4.3","AA","High","Automated","To do","html > body > div > article:nth-child(4) > div:nth-child(35) > div > p:nth-child(4)"
"https://www.kingsheathltn.co.uk/","","Page content","This element has insufficient contrast at this conformance level. Expected a contrast ratio of at least 4.5:1, but text in this element has a contrast ratio of 3.05:1. Recommendation:  change background to #008390.","1.4.3","AA","High","Automated","To do","html > body > div > article:nth-child(4) > div:nth-child(36) > div > h3 > time"
"https://www.kingsheathltn.co.uk/","","Page content","This element has insufficient contrast at this conformance level. Expected a contrast ratio of at least 4.5:1, but text in this element has a contrast ratio of 3.05:1. Recommendation:  change background to #008390.","1.4.3","AA","High","Automated","To do","html > body > div > article:nth-child(4) > div:nth-child(37) > div > h3 > time"
"https://www.kingsheathltn.co.uk/","","Page content","This element has insufficient contrast at this conformance level. Expected a contrast ratio of at least 4.5:1, but text in this element has a contrast ratio of 3.05:1. Recommendation:  change background to #008390.","1.4.3","AA","High","Automated","To do","html > body > div > article:nth-child(4) > div:nth-child(37) > div > p:nth-child(4)"
"https://www.kingsheathltn.co.uk/","","Page content","This element has insufficient contrast at this conformance level. Expected a contrast ratio of at least 4.5:1, but text in this element has a contrast ratio of 3.05:1. Recommendation:  change background to #008390.","1.4.3","AA","High","Automated","To do","html > body > div > article:nth-child(4) > div:nth-child(38) > div > h3 > time"
"https://www.kingsheathltn.co.uk/","","Page content","This element has insufficient contrast at this conformance level. Expected a contrast ratio of at least 4.5:1, but text in this element has a contrast ratio of 3.05:1. Recommendation:  change background to #008390.","1.4.3","AA","High","Automated","To do","html > body > div > article:nth-child(4) > div:nth-child(38) > div > p:nth-child(4)"
"https://www.kingsheathltn.co.uk/","","Page content","This element has insufficient contrast at this conformance level. Expected a contrast ratio of at least 4.5:1, but text in this element has a contrast ratio of 3.05:1. Recommendation:  change background to #008390.","1.4.3","AA","High","Automated","To do","html > body > div > article:nth-child(4) > div:nth-child(39) > div > h3 > time"
"https://www.kingsheathltn.co.uk/","","Page content","This element has insufficient contrast at this conformance level. Expected a contrast ratio of at least 4.5:1, but text in this element has a contrast ratio of 3.05:1. Recommendation:  change background to #008390.","1.4.3","AA","High","Automated","To do","html > body > div > article:nth-child(4) > div:nth-child(39) > div > p:nth-child(4)"
"https://www.kingsheathltn.co.uk/","","Page content","This element has insufficient contrast at this conformance level. Expected a contrast ratio of at least 4.5:1, but text in this element has a contrast ratio of 3.05:1. Recommendation:  change background to #008390.","1.4.3","AA","High","Automated","To do","html > body > div > article:nth-child(4) > div:nth-child(40) > div > h3 > time"
"https://www.kingsheathltn.co.uk/","","Page content","This element has insufficient contrast at this conformance level. Expected a contrast ratio of at least 4.5:1, but text in this element has a contrast ratio of 3.05:1. Recommendation:  change background to #008390.","1.4.3","AA","High","Automated","To do","html > body > div > article:nth-child(4) > div:nth-child(40) > div > p:nth-child(4)"
"https://www.kingsheathltn.co.uk/","","Page content","This element has insufficient contrast at this conformance level. Expected a contrast ratio of at least 4.5:1, but text in this element has a contrast ratio of 3.05:1. Recommendation:  change background to #008390.","1.4.3","AA","High","Automated","To do","html > body > div > article:nth-child(4) > div:nth-child(41) > div > h3 > time"
"https://www.kingsheathltn.co.uk/","","Page content","This element has insufficient contrast at this conformance level. Expected a contrast ratio of at least 4.5:1, but text in this element has a contrast ratio of 3.05:1. Recommendation:  change background to #008390.","1.4.3","AA","High","Automated","To do","html > body > div > article:nth-child(4) > div:nth-child(41) > div > p:nth-child(4)"
"https://www.kingsheathltn.co.uk/","","Page content","This element has insufficient contrast at this conformance level. Expected a contrast ratio of at least 4.5:1, but text in this element has a contrast ratio of 3.05:1. Recommendation:  change background to #008390.","1.4.3","AA","High","Automated","To do","html > body > div > article:nth-child(4) > div:nth-child(42) > div > h3 > time"
"https://www.kingsheathltn.co.uk/","","Page content","This element has insufficient contrast at this conformance level. Expected a contrast ratio of at least 4.5:1, but text in this element has a contrast ratio of 3.05:1. Recommendation:  change background to #008390.","1.4.3","AA","High","Automated","To do","html > body > div > article:nth-child(4) > div:nth-child(42) > div > p:nth-child(4)"
"https://www.kingsheathltn.co.uk/","","Page content","This element has insufficient contrast at this conformance level. Expected a contrast ratio of at least 4.5:1, but text in this element has a contrast ratio of 3.05:1. Recommendation:  change background to #008390.","1.4.3","AA","High","Automated","To do","html > body > div > article:nth-child(4) > div:nth-child(43) > div > h3 > time"
"https://www.kingsheathltn.co.uk/","","Page content","This element has insufficient contrast at this conformance level. Expected a contrast ratio of at least 4.5:1, but text in this element has a contrast ratio of 3.05:1. Recommendation:  change background to #008390.","1.4.3","AA","High","Automated","To do","html > body > div > article:nth-child(4) > div:nth-child(43) > div > p:nth-child(4)"
"https://www.kingsheathltn.co.uk/","","Page content","This element has insufficient contrast at this conformance level. Expected a contrast ratio of at least 4.5:1, but text in this element has a contrast ratio of 3.05:1. Recommendation:  change background to #008390.","1.4.3","AA","High","Automated","To do","html > body > div > article:nth-child(4) > div:nth-child(44) > div > h3 > time"
"https://www.kingsheathltn.co.uk/","","Page content","This element has insufficient contrast at this conformance level. Expected a contrast ratio of at least 4.5:1, but text in this element has a contrast ratio of 3.05:1. Recommendation:  change background to #008390.","1.4.3","AA","High","Automated","To do","html > body > div > article:nth-child(4) > div:nth-child(44) > div > p:nth-child(4)"
"https://www.kingsheathltn.co.uk/","","Page content","This element has insufficient contrast at this conformance level. Expected a contrast ratio of at least 4.5:1, but text in this element has a contrast ratio of 3.05:1. Recommendation:  change background to #008390.","1.4.3","AA","High","Automated","To do","html > body > div > article:nth-child(4) > div:nth-child(45) > div > h3 > time"
"https://www.kingsheathltn.co.uk/","","Page content","This element has insufficient contrast at this conformance level. Expected a contrast ratio of at least 4.5:1, but text in this element has a contrast ratio of 3.05:1. Recommendation:  change background to #008390.","1.4.3","AA","High","Automated","To do","html > body > div > article:nth-child(4) > div:nth-child(45) > div > p:nth-child(4)"
"https://www.kingsheathltn.co.uk/","","Page content","This element has insufficient contrast at this conformance level. Expected a contrast ratio of at least 4.5:1, but text in this element has a contrast ratio of 3.05:1. Recommendation:  change background to #008390.","1.4.3","AA","High","Automated","To do","html > body > div > article:nth-child(4) > div:nth-child(46) > div > h3 > time"
"https://www.kingsheathltn.co.uk/","","Page content","This element has insufficient contrast at this conformance level. Expected a contrast ratio of at least 4.5:1, but text in this element has a contrast ratio of 3.05:1. Recommendation:  change background to #008390.","1.4.3","AA","High","Automated","To do","html > body > div > article:nth-child(4) > div:nth-child(46) > div > p:nth-child(4)"
"https://www.kingsheathltn.co.uk/","","Page content","This element has insufficient contrast at this conformance level. Expected a contrast ratio of at least 4.5:1, but text in this element has a contrast ratio of 3.05:1. Recommendation:  change background to #008390.","1.4.3","AA","High","Automated","To do","html > body > div > article:nth-child(4) > div:nth-child(47) > div > h3 > time"
"https://www.kingsheathltn.co.uk/","","Page content","This element has insufficient contrast at this conformance level. Expected a contrast ratio of at least 4.5:1, but text in this element has a contrast ratio of 3.05:1. Recommendation:  change background to #008390.","1.4.3","AA","High","Automated","To do","html > body > div > article:nth-child(4) > div:nth-child(47) > div > p:nth-child(4)"
"https://www.kingsheathltn.co.uk/","","Page content","This element has insufficient contrast at this conformance level. Expected a contrast ratio of at least 4.5:1, but text in this element has a contrast ratio of 3.05:1. Recommendation:  change background to #008390.","1.4.3","AA","High","Automated","To do","html > body > div > article:nth-child(4) > div:nth-child(48) > div > h3 > time"
"https://www.kingsheathltn.co.uk/","","Page content","This element has insufficient contrast at this conformance level. Expected a contrast ratio of at least 4.5:1, but text in this element has a contrast ratio of 3.05:1. Recommendation:  change background to #008390.","1.4.3","AA","High","Automated","To do","html > body > div > article:nth-child(4) > div:nth-child(48) > div > p:nth-child(4)"
"https://www.kingsheathltn.co.uk/","","Page content","This element has insufficient contrast at this conformance level. Expected a contrast ratio of at least 4.5:1, but text in this element has a contrast ratio of 3.05:1. Recommendation:  change background to #008390.","1.4.3","AA","High","Automated","To do","html > body > div > article:nth-child(4) > div:nth-child(49) > div > h3 > time"
"https://www.kingsheathltn.co.uk/","","Page content","This element has insufficient contrast at this conformance level. Expected a contrast ratio of at least 4.5:1, but text in this element has a contrast ratio of 3.05:1. Recommendation:  change background to #008390.","1.4.3","AA","High","Automated","To do","html > body > div > article:nth-child(4) > div:nth-child(49) > div > p:nth-child(4)"
"https://www.kingsheathltn.co.uk/","","Page content","This element has insufficient contrast at this conformance level. Expected a contrast ratio of at least 4.5:1, but text in this element has a contrast ratio of 3.05:1. Recommendation:  change background to #008390.","1.4.3","AA","High","Automated","To do","html > body > div > article:nth-child(4) > div:nth-child(50) > div > h3 > time"
"https://www.kingsheathltn.co.uk/","","Page content","This element has insufficient contrast at this conformance level. Expected a contrast ratio of at least 4.5:1, but text in this element has a contrast ratio of 3.05:1. Recommendation:  change background to #008390.","1.4.3","AA","High","Automated","To do","html > body > div > article:nth-child(4) > div:nth-child(51) > div > h3 > time"
"https://www.kingsheathltn.co.uk/","","Page content","This element has insufficient contrast at this conformance level. Expected a contrast ratio of at least 4.5:1, but text in this element has a contrast ratio of 3.05:1. Recommendation:  change background to #008390.","1.4.3","AA","High","Automated","To do","html > body > div > article:nth-child(4) > div:nth-child(51) > div > p:nth-child(4)"
"https://www.kingsheathltn.co.uk/","","Page content","This element has insufficient contrast at this conformance level. Expected a contrast ratio of at least 4.5:1, but text in this element has a contrast ratio of 3.05:1. Recommendation:  change background to #008390.","1.4.3","AA","High","Automated","To do","html > body > div > article:nth-child(4) > div:nth-child(52) > div > h3 > time"
"https://www.kingsheathltn.co.uk/","","Page content","This element has insufficient contrast at this conformance level. Expected a contrast ratio of at least 4.5:1, but text in this element has a contrast ratio of 3.05:1. Recommendation:  change background to #008390.","1.4.3","AA","High","Automated","To do","html > body > div > article:nth-child(4) > div:nth-child(52) > div > p:nth-child(4)"
"https://www.kingsheathltn.co.uk/","","Page content","This element has insufficient contrast at this conformance level. Expected a contrast ratio of at least 4.5:1, but text in this element has a contrast ratio of 3.05:1. Recommendation:  change background to #008390.","1.4.3","AA","High","Automated","To do","html > body > div > article:nth-child(4) > div:nth-child(53) > div > h3 > time"
"https://www.kingsheathltn.co.uk/","","Page content","This element has insufficient contrast at this conformance level. Expected a contrast ratio of at least 4.5:1, but text in this element has a contrast ratio of 3.05:1. Recommendation:  change background to #008390.","1.4.3","AA","High","Automated","To do","html > body > div > article:nth-child(4) > div:nth-child(53) > div > p:nth-child(4)"
"https://www.kingsheathltn.co.uk/","","Page content","This element has insufficient contrast at this conformance level. Expected a contrast ratio of at least 4.5:1, but text in this element has a contrast ratio of 3.05:1. Recommendation:  change background to #008390.","1.4.3","AA","High","Automated","To do","html > body > div > article:nth-child(4) > div:nth-child(54) > div > h3 > time"
"https://www.kingsheathltn.co.uk/","","Page content","This element has insufficient contrast at this conformance level. Expected a contrast ratio of at least 4.5:1, but text in this element has a contrast ratio of 3.05:1. Recommendation:  change background to #008390.","1.4.3","AA","High","Automated","To do","html > body > div > article:nth-child(4) > div:nth-child(54) > div > p:nth-child(4)"
"https://www.kingsheathltn.co.uk/","","Page content","This element has insufficient contrast at this conformance level. Expected a contrast ratio of at least 4.5:1, but text in this element has a contrast ratio of 3.05:1. Recommendation:  change background to #008390.","1.4.3","AA","High","Automated","To do","html > body > div > article:nth-child(4) > div:nth-child(55) > div > h3 > time"
"https://www.kingsheathltn.co.uk/","","Page content","This element has insufficient contrast at this conformance level. Expected a contrast ratio of at least 4.5:1, but text in this element has a contrast ratio of 3.05:1. Recommendation:  change background to #008390.","1.4.3","AA","High","Automated","To do","html > body > div > article:nth-child(4) > div:nth-child(55) > div > p:nth-child(4)"
"https://www.kingsheathltn.co.uk/","","Page content","This element has insufficient contrast at this conformance level. Expected a contrast ratio of at least 4.5:1, but text in this element has a contrast ratio of 3.05:1. Recommendation:  change background to #008390.","1.4.3","AA","High","Automated","To do","html > body > div > article:nth-child(4) > div:nth-child(55) > div > p:nth-child(5)"
"https://www.kingsheathltn.co.uk/","","Page content","This element has insufficient contrast at this conformance level. Expected a contrast ratio of at least 4.5:1, but text in this element has a contrast ratio of 3.05:1. Recommendation:  change background to #008390.","1.4.3","AA","High","Automated","To do","html > body > div > article:nth-child(4) > div:nth-child(56) > div > h3 > time"
"https://www.kingsheathltn.co.uk/","","Page content","This element has insufficient contrast at this conformance level. Expected a contrast ratio of at least 4.5:1, but text in this element has a contrast ratio of 3.05:1. Recommendation:  change background to #008390.","1.4.3","AA","High","Automated","To do","html > body > div > article:nth-child(4) > div:nth-child(56) > div > p:nth-child(4)"
"https://www.kingsheathltn.co.uk/","","Page content","This element has insufficient contrast at this conformance level. Expected a contrast ratio of at least 4.5:1, but text in this element has a contrast ratio of 3.05:1. Recommendation:  change background to #008390.","1.4.3","AA","High","Automated","To do","html > body > div > article:nth-child(4) > div:nth-child(57) > div > h3 > time"
"https://www.kingsheathltn.co.uk/","","Page content","This element has insufficient contrast at this conformance level. Expected a contrast ratio of at least 4.5:1, but text in this element has a contrast ratio of 3.05:1. Recommendation:  change background to #008390.","1.4.3","AA","High","Automated","To do","html > body > div > article:nth-child(4) > div:nth-child(57) > div > p:nth-child(4)"
"https://www.kingsheathltn.co.uk/","","Page content","This element has insufficient contrast at this conformance level. Expected a contrast ratio of at least 4.5:1, but text in this element has a contrast ratio of 3.05:1. Recommendation:  change background to #008390.","1.4.3","AA","High","Automated","To do","html > body > div > article:nth-child(4) > div:nth-child(58) > div > h3 > time"
"https://www.kingsheathltn.co.uk/","","Page content","This element has insufficient contrast at this conformance level. Expected a contrast ratio of at least 4.5:1, but text in this element has a contrast ratio of 3.05:1. Recommendation:  change background to #008390.","1.4.3","AA","High","Automated","To do","html > body > div > article:nth-child(4) > div:nth-child(58) > div > p:nth-child(4)"
"https://www.kingsheathltn.co.uk/","","Page content","This element has insufficient contrast at this conformance level. Expected a contrast ratio of at least 4.5:1, but text in this element has a contrast ratio of 3.05:1. Recommendation:  change background to #008390.","1.4.3","AA","High","Automated","To do","html > body > div > article:nth-child(4) > div:nth-child(59) > div > h3 > time"
"https://www.kingsheathltn.co.uk/","","Page content","This element has insufficient contrast at this conformance level. Expected a contrast ratio of at least 4.5:1, but text in this element has a contrast ratio of 3.05:1. Recommendation:  change background to #008390.","1.4.3","AA","High","Automated","To do","html > body > div > article:nth-child(4) > div:nth-child(59) > div > p:nth-child(4)"
"https://www.kingsheathltn.co.uk/","","Page content","This element has insufficient contrast at this conformance level. Expected a contrast ratio of at least 4.5:1, but text in this element has a contrast ratio of 3.05:1. Recommendation:  change background to #008390.","1.4.3","AA","High","Automated","To do","html > body > div > article:nth-child(4) > div:nth-child(60) > div > h3 > time"
"https://www.kingsheathltn.co.uk/","","Page content","This element has insufficient contrast at this conformance level. Expected a contrast ratio of at least 4.5:1, but text in this element has a contrast ratio of 3.05:1. Recommendation:  change background to #008390.","1.4.3","AA","High","Automated","To do","html > body > div > article:nth-child(4) > div:nth-child(60) > div > p:nth-child(4)"
"https://www.kingsheathltn.co.uk/","","Page content","This element has insufficient contrast at this conformance level. Expected a contrast ratio of at least 4.5:1, but text in this element has a contrast ratio of 3.05:1. Recommendation:  change background to #008390.","1.4.3","AA","High","Automated","To do","html > body > div > article:nth-child(4) > div:nth-child(61) > div > h3 > time"
"https://www.kingsheathltn.co.uk/","","Page content","This element has insufficient contrast at this conformance level. Expected a contrast ratio of at least 4.5:1, but text in this element has a contrast ratio of 3.05:1. Recommendation:  change background to #008390.","1.4.3","AA","High","Automated","To do","html > body > div > article:nth-child(4) > div:nth-child(61) > div > p:nth-child(4)"
"https://www.kingsheathltn.co.uk/","","Page content","This element has insufficient contrast at this conformance level. Expected a contrast ratio of at least 4.5:1, but text in this element has a contrast ratio of 3.05:1. Recommendation:  change background to #008390.","1.4.3","AA","High","Automated","To do","html > body > div > article:nth-child(4) > div:nth-child(61) > div > p:nth-child(5)"
"https://www.kingsheathltn.co.uk/","","Page content","This element has insufficient contrast at this conformance level. Expected a contrast ratio of at least 4.5:1, but text in this element has a contrast ratio of 3.05:1. Recommendation:  change background to #008390.","1.4.3","AA","High","Automated","To do","html > body > div > article:nth-child(4) > div:nth-child(62) > div > h3 > time"
"https://www.kingsheathltn.co.uk/","","Page content","This element has insufficient contrast at this conformance level. Expected a contrast ratio of at least 4.5:1, but text in this element has a contrast ratio of 3.05:1. Recommendation:  change background to #008390.","1.4.3","AA","High","Automated","To do","html > body > div > article:nth-child(4) > div:nth-child(62) > div > p:nth-child(4)"
"https://www.kingsheathltn.co.uk/","","Page content","This element has insufficient contrast at this conformance level. Expected a contrast ratio of at least 4.5:1, but text in this element has a contrast ratio of 3.05:1. Recommendation:  change background to #008390.","1.4.3","AA","High","Automated","To do","html > body > div > article:nth-child(4) > div:nth-child(62) > div > p:nth-child(5)"
"https://www.kingsheathltn.co.uk/","","Page content","This element has insufficient contrast at this conformance level. Expected a contrast ratio of at least 4.5:1, but text in this element has a contrast ratio of 3.05:1. Recommendation:  change background to #008390.","1.4.3","AA","High","Automated","To do","html > body > div > article:nth-child(4) > div:nth-child(63) > div > h3 > time"
"https://www.kingsheathltn.co.uk/","","Page content","This element has insufficient contrast at this conformance level. Expected a contrast ratio of at least 4.5:1, but text in this element has a contrast ratio of 3.05:1. Recommendation:  change background to #008390.","1.4.3","AA","High","Automated","To do","html > body > div > article:nth-child(4) > div:nth-child(63) > div > p:nth-child(4)"
"https://www.kingsheathltn.co.uk/","","Page content","This element has insufficient contrast at this conformance level. Expected a contrast ratio of at least 4.5:1, but text in this element has a contrast ratio of 3.05:1. Recommendation:  change background to #008390.","1.4.3","AA","High","Automated","To do","html > body > div > article:nth-child(4) > div:nth-child(64) > div > h3 > time"
"https://www.kingsheathltn.co.uk/","","Page content","This element has insufficient contrast at this conformance level. Expected a contrast ratio of at least 4.5:1, but text in this element has a contrast ratio of 3.05:1. Recommendation:  change background to #008390.","1.4.3","AA","High","Automated","To do","html > body > div > article:nth-child(4) > div:nth-child(64) > div > p:nth-child(4)"
"https://www.kingsheathltn.co.uk/","","Page content","This element has insufficient contrast at this conformance level. Expected a contrast ratio of at least 4.5:1, but text in this element has a contrast ratio of 3.05:1. Recommendation:  change background to #008390.","1.4.3","AA","High","Automated","To do","html > body > div > article:nth-child(4) > div:nth-child(65) > div > h3 > time"
"https://www.kingsheathltn.co.uk/","","Page content","This element has insufficient contrast at this conformance level. Expected a contrast ratio of at least 4.5:1, but text in this element has a contrast ratio of 3.05:1. Recommendation:  change background to #008390.","1.4.3","AA","High","Automated","To do","html > body > div > article:nth-child(4) > div:nth-child(65) > div > p:nth-child(4)"
"https://www.kingsheathltn.co.uk/","","Page content","This element has insufficient contrast at this conformance level. Expected a contrast ratio of at least 4.5:1, but text in this element has a contrast ratio of 3.05:1. Recommendation:  change background to #008390.","1.4.3","AA","High","Automated","To do","html > body > div > article:nth-child(4) > div:nth-child(66) > div > h3 > time"
"https://www.kingsheathltn.co.uk/","","Page content","This element has insufficient contrast at this conformance level. Expected a contrast ratio of at least 4.5:1, but text in this element has a contrast ratio of 3.05:1. Recommendation:  change background to #008390.","1.4.3","AA","High","Automated","To do","html > body > div > article:nth-child(4) > div:nth-child(66) > div > p:nth-child(4)"
"https://www.kingsheathltn.co.uk/","","Page content","This element has insufficient contrast at this conformance level. Expected a contrast ratio of at least 4.5:1, but text in this element has a contrast ratio of 3.05:1. Recommendation:  change background to #008390.","1.4.3","AA","High","Automated","To do","html > body > div > article:nth-child(4) > div:nth-child(67) > div > h3 > time"
"https://www.kingsheathltn.co.uk/","","Page content","This element has insufficient contrast at this conformance level. Expected a contrast ratio of at least 4.5:1, but text in this element has a contrast ratio of 3.05:1. Recommendation:  change background to #008390.","1.4.3","AA","High","Automated","To do","html > body > div > article:nth-child(4) > div:nth-child(67) > div > p:nth-child(4)"
"https://www.kingsheathltn.co.uk/","","Page content","This element has insufficient contrast at this conformance level. Expected a contrast ratio of at least 4.5:1, but text in this element has a contrast ratio of 3.05:1. Recommendation:  change background to #008390.","1.4.3","AA","High","Automated","To do","html > body > div > article:nth-child(4) > div:nth-child(68) > div > h3 > time"
"https://www.kingsheathltn.co.uk/","","Page content","This element has insufficient contrast at this conformance level. Expected a contrast ratio of at least 4.5:1, but text in this element has a contrast ratio of 3.05:1. Recommendation:  change background to #008390.","1.4.3","AA","High","Automated","To do","html > body > div > article:nth-child(4) > div:nth-child(68) > div > p:nth-child(3)"
"https://www.kingsheathltn.co.uk/","","Page content","This element has insufficient contrast at this conformance level. Expected a contrast ratio of at least 4.5:1, but text in this element has a contrast ratio of 3.05:1. Recommendation:  change background to #008390.","1.4.3","AA","High","Automated","To do","html > body > div > article:nth-child(4) > div:nth-child(69) > div > h3 > time"
"https://www.kingsheathltn.co.uk/","","Page content","This element has insufficient contrast at this conformance level. Expected a contrast ratio of at least 4.5:1, but text in this element has a contrast ratio of 3.05:1. Recommendation:  change background to #008390.","1.4.3","AA","High","Automated","To do","html > body > div > article:nth-child(4) > div:nth-child(69) > div > p:nth-child(3)"
"https://www.kingsheathltn.co.uk/","","Footer","This element has insufficient contrast at this conformance level. Expected a contrast ratio of at least 4.5:1, but text in this element has a contrast ratio of 3.05:1. Recommendation:  change background to #008390.","1.4.3","AA","High","Automated","To do","html > body > div > footer > div > div:nth-child(2) > p"
"https://www.kingsheathltn.co.uk/","","Page content","Iframe element requires a non-empty title attribute that identifies the frame.","2.4.1","AA","Medium","Automated","To do","#main-video"
"https://www.kingsheathltn.co.uk/","","Page content","This element has insufficient contrast at this conformance level. Expected a contrast ratio of at least 4.5:1, but text in this element has a contrast ratio of 2.93:1. Recommendation:  change background to #00857c.","1.4.3","AA","High","Automated","To do","#cn-accept-cookie"
"https://www.kingsheathltn.co.uk/what-is-happening/","","Header / Navigation","This element has insufficient contrast at this conformance level. Expected a contrast ratio of at least 4.5:1, but text in this element has a contrast ratio of 2.15:1. Recommendation:  change background to #006973.","1.4.3","AA","High","Automated","To do","#menu-item-169 > a"
"https://www.kingsheathltn.co.uk/what-is-happening/","","Header / Navigation","This element has insufficient contrast at this conformance level. Expected a contrast ratio of at least 4.5:1, but text in this element has a contrast ratio of 3.05:1. Recommendation:  change background to #008390.","1.4.3","AA","High","Automated","To do","#menu-item-168 > a"
"https://www.kingsheathltn.co.uk/what-is-happening/","","Header / Navigation","This element has insufficient contrast at this conformance level. Expected a contrast ratio of at least 4.5:1, but text in this element has a contrast ratio of 3.05:1. Recommendation:  change background to #008390.","1.4.3","AA","High","Automated","To do","#menu-item-24 > a"
"https://www.kingsheathltn.co.uk/what-is-happening/","","Header / Navigation","This element has insufficient contrast at this conformance level. Expected a contrast ratio of at least 4.5:1, but text in this element has a contrast ratio of 3.05:1. Recommendation:  change background to #008390.","1.4.3","AA","High","Automated","To do","#menu-item-25 > a"
"https://www.kingsheathltn.co.uk/what-is-happening/","","Page content","This element has insufficient contrast at this conformance level. Expected a contrast ratio of at least 4.5:1, but text in this element has a contrast ratio of 3.05:1. Recommendation:  change background to #008390.","1.4.3","AA","High","Automated","To do","html > body > div:nth-child(2) > p:nth-child(3)"
"https://www.kingsheathltn.co.uk/what-is-happening/","","Page content","This element has insufficient contrast at this conformance level. Expected a contrast ratio of at least 4.5:1, but text in this element has a contrast ratio of 3.05:1. Recommendation:  change background to #008390.","1.4.3","AA","High","Automated","To do","html > body > div:nth-child(2) > p:nth-child(4)"
"https://www.kingsheathltn.co.uk/what-is-happening/","","Page content","This element has insufficient contrast at this conformance level. Expected a contrast ratio of at least 4.5:1, but text in this element has a contrast ratio of 3.05:1. Recommendation:  change background to #008390.","1.4.3","AA","High","Automated","To do","html > body > div:nth-child(2) > p:nth-child(5)"
"https://www.kingsheathltn.co.uk/what-is-happening/","","Page content","This element has insufficient contrast at this conformance level. Expected a contrast ratio of at least 4.5:1, but text in this element has a contrast ratio of 3.05:1. Recommendation:  change background to #008390.","1.4.3","AA","High","Automated","To do","html > body > div:nth-child(2) > p:nth-child(7)"
"https://www.kingsheathltn.co.uk/what-is-happening/","","Page content","This element has insufficient contrast at this conformance level. Expected a contrast ratio of at least 4.5:1, but text in this element has a contrast ratio of 3.05:1. Recommendation:  change background to #008390.","1.4.3","AA","High","Automated","To do","html > body > div:nth-child(2) > p:nth-child(8)"
"https://www.kingsheathltn.co.uk/what-is-happening/","","Page content","This element has insufficient contrast at this conformance level. Expected a contrast ratio of at least 4.5:1, but text in this element has a contrast ratio of 3.05:1. Recommendation:  change background to #008390.","1.4.3","AA","High","Automated","To do","html > body > div:nth-child(2) > p:nth-child(10)"
"https://www.kingsheathltn.co.uk/what-is-happening/","","Page content","This element has insufficient contrast at this conformance level. Expected a contrast ratio of at least 4.5:1, but text in this element has a contrast ratio of 3.05:1. Recommendation:  change background to #008390.","1.4.3","AA","High","Automated","To do","html > body > div:nth-child(2) > p:nth-child(11)"
"https://www.kingsheathltn.co.uk/what-is-happening/","","Page content","This element has insufficient contrast at this conformance level. Expected a contrast ratio of at least 4.5:1, but text in this element has a contrast ratio of 3.05:1. Recommendation:  change background to #008390.","1.4.3","AA","High","Automated","To do","html > body > div:nth-child(2) > p:nth-child(14)"
"https://www.kingsheathltn.co.uk/what-is-happening/","","Page content","This element has insufficient contrast at this conformance level. Expected a contrast ratio of at least 4.5:1, but text in this element has a contrast ratio of 3.42:1. Recommendation:  change text colour to #003337.","1.4.3","AA","High","Automated","To do","html > body > div:nth-child(2) > p:nth-child(15) > a"
"https://www.kingsheathltn.co.uk/what-is-happening/","","Footer","This element has insufficient contrast at this conformance level. Expected a contrast ratio of at least 4.5:1, but text in this element has a contrast ratio of 3.05:1. Recommendation:  change background to #008390.","1.4.3","AA","High","Automated","To do","html > body > footer > div > div:nth-child(2) > p"
"https://www.kingsheathltn.co.uk/what-is-happening/","","Page content","Iframe element requires a non-empty title attribute that identifies the frame.","2.4.1","AA","Medium","Automated","To do","#main-video"
"https://www.kingsheathltn.co.uk/what-is-happening/","","Page content","This element has insufficient contrast at this conformance level. Expected a contrast ratio of at least 4.5:1, but text in this element has a contrast ratio of 2.93:1. Recommendation:  change background to #00857c.","1.4.3","AA","High","Automated","To do","#cn-accept-cookie"
"https://www.kingsheathltn.co.uk/get-involved/","","Header / Navigation","This element has insufficient contrast at this conformance level. Expected a contrast ratio of at least 4.5:1, but text in this element has a contrast ratio of 3.05:1. Recommendation:  change background to #008390.","1.4.3","AA","High","Automated","To do","#menu-item-169 > a"
"https://www.kingsheathltn.co.uk/get-involved/","","Header / Navigation","This element has insufficient contrast at this conformance level. Expected a contrast ratio of at least 4.5:1, but text in this element has a contrast ratio of 3.05:1. Recommendation:  change background to #008390.","1.4.3","AA","High","Automated","To do","#menu-item-168 > a"
"https://www.kingsheathltn.co.uk/get-involved/","","Header / Navigation","This element has insufficient contrast at this conformance level. Expected a contrast ratio of at least 4.5:1, but text in this element has a contrast ratio of 2.15:1. Recommendation:  change background to #006973.","1.4.3","AA","High","Automated","To do","#menu-item-24 > a"
"https://www.kingsheathltn.co.uk/get-involved/","","Header / Navigation","This element has insufficient contrast at this conformance level. Expected a contrast ratio of at least 4.5:1, but text in this element has a contrast ratio of 3.05:1. Recommendation:  change background to #008390.","1.4.3","AA","High","Automated","To do","#menu-item-25 > a"
"https://www.kingsheathltn.co.uk/get-involved/","","Page content","This element has insufficient contrast at this conformance level. Expected a contrast ratio of at least 4.5:1, but text in this element has a contrast ratio of 3.05:1. Recommendation:  change background to #008390.","1.4.3","AA","High","Automated","To do","html > body > div:nth-child(2) > p:nth-child(3)"
"https://www.kingsheathltn.co.uk/get-involved/","","Page content","This element has insufficient contrast at this conformance level. Expected a contrast ratio of at least 4.5:1, but text in this element has a contrast ratio of 3.05:1. Recommendation:  change background to #008390.","1.4.3","AA","High","Automated","To do","html > body > div:nth-child(2) > p:nth-child(5)"
"https://www.kingsheathltn.co.uk/get-involved/","","Page content","This element has insufficient contrast at this conformance level. Expected a contrast ratio of at least 4.5:1, but text in this element has a contrast ratio of 3.05:1. Recommendation:  change background to #008390.","1.4.3","AA","High","Automated","To do","html > body > div:nth-child(2) > p:nth-child(6)"
"https://www.kingsheathltn.co.uk/get-involved/","","Footer","This element has insufficient contrast at this conformance level. Expected a contrast ratio of at least 4.5:1, but text in this element has a contrast ratio of 3.05:1. Recommendation:  change background to #008390.","1.4.3","AA","High","Automated","To do","html > body > footer > div > div:nth-child(2) > p"
"https://www.kingsheathltn.co.uk/get-involved/","","Page content","Iframe element requires a non-empty title attribute that identifies the frame.","2.4.1","AA","Medium","Automated","To do","#main-video"
"https://www.kingsheathltn.co.uk/get-involved/","","Page content","This element has insufficient contrast at this conformance level. Expected a contrast ratio of at least 4.5:1, but text in this element has a contrast ratio of 2.93:1. Recommendation:  change background to #00857c.","1.4.3","AA","High","Automated","To do","#cn-accept-cookie"
"https://www.kingsheathltn.co.uk/links-and-articles/","","Header / Navigation","This element has insufficient contrast at this conformance level. Expected a contrast ratio of at least 4.5:1, but text in this element has a contrast ratio of 3.05:1. Recommendation:  change background to #008390.","1.4.3","AA","High","Automated","To do","#menu-item-169 > a"
"https://www.kingsheathltn.co.uk/links-and-articles/","","Header / Navigation","This element has insufficient contrast at this conformance level. Expected a contrast ratio of at least 4.5:1, but text in this element has a contrast ratio of 2.15:1. Recommendation:  change background to #006973.","1.4.3","AA","High","Automated","To do","#menu-item-168 > a"
"https://www.kingsheathltn.co.uk/links-and-articles/","","Header / Navigation","This element has insufficient contrast at this conformance level. Expected a contrast ratio of at least 4.5:1, but text in this element has a contrast ratio of 3.05:1. Recommendation:  change background to #008390.","1.4.3","AA","High","Automated","To do","#menu-item-24 > a"
"https://www.kingsheathltn.co.uk/links-and-articles/","","Header / Navigation","This element has insufficient contrast at this conformance level. Expected a contrast ratio of at least 4.5:1, but text in this element has a contrast ratio of 3.05:1. Recommendation:  change background to #008390.","1.4.3","AA","High","Automated","To do","#menu-item-25 > a"
"https://www.kingsheathltn.co.uk/links-and-articles/","","Page content","This element has insufficient contrast at this conformance level. Expected a contrast ratio of at least 4.5:1, but text in this element has a contrast ratio of 3.05:1. Recommendation:  change background to #008390.","1.4.3","AA","High","Automated","To do","html > body > div:nth-child(2) > p:nth-child(4)"
"https://www.kingsheathltn.co.uk/links-and-articles/","","Page content","This element has insufficient contrast at this conformance level. Expected a contrast ratio of at least 4.5:1, but text in this element has a contrast ratio of 3.42:1. Recommendation:  change text colour to #003337.","1.4.3","AA","High","Automated","To do","html > body > div:nth-child(2) > p:nth-child(5) > a"
"https://www.kingsheathltn.co.uk/links-and-articles/","","Page content","This element has insufficient contrast at this conformance level. Expected a contrast ratio of at least 4.5:1, but text in this element has a contrast ratio of 3.05:1. Recommendation:  change background to #008390.","1.4.3","AA","High","Automated","To do","html > body > div:nth-child(2) > p:nth-child(6)"
"https://www.kingsheathltn.co.uk/links-and-articles/","","Page content","This element has insufficient contrast at this conformance level. Expected a contrast ratio of at least 4.5:1, but text in this element has a contrast ratio of 3.42:1. Recommendation:  change text colour to #003337.","1.4.3","AA","High","Automated","To do","html > body > div:nth-child(2) > p:nth-child(7) > a"
"https://www.kingsheathltn.co.uk/links-and-articles/","","Page content","This element has insufficient contrast at this conformance level. Expected a contrast ratio of at least 4.5:1, but text in this element has a contrast ratio of 3.05:1. Recommendation:  change background to #008390.","1.4.3","AA","High","Automated","To do","html > body > div:nth-child(2) > p:nth-child(8)"
"https://www.kingsheathltn.co.uk/links-and-articles/","","Page content","This element has insufficient contrast at this conformance level. Expected a contrast ratio of at least 4.5:1, but text in this element has a contrast ratio of 3.42:1. Recommendation:  change text colour to #003337.","1.4.3","AA","High","Automated","To do","html > body > div:nth-child(2) > p:nth-child(9) > a"
"https://www.kingsheathltn.co.uk/links-and-articles/","","Page content","This element has insufficient contrast at this conformance level. Expected a contrast ratio of at least 4.5:1, but text in this element has a contrast ratio of 3.05:1. Recommendation:  change background to #008390.","1.4.3","AA","High","Automated","To do","html > body > div:nth-child(2) > p:nth-child(10)"
"https://www.kingsheathltn.co.uk/links-and-articles/","","Page content","This element has insufficient contrast at this conformance level. Expected a contrast ratio of at least 4.5:1, but text in this element has a contrast ratio of 3.42:1. Recommendation:  change text colour to #003337.","1.4.3","AA","High","Automated","To do","html > body > div:nth-child(2) > p:nth-child(11) > a"
"https://www.kingsheathltn.co.uk/links-and-articles/","","Page content","This element has insufficient contrast at this conformance level. Expected a contrast ratio of at least 4.5:1, but text in this element has a contrast ratio of 3.05:1. Recommendation:  change background to #008390.","1.4.3","AA","High","Automated","To do","html > body > div:nth-child(2) > p:nth-child(12)"
"https://www.kingsheathltn.co.uk/links-and-articles/","","Page content","This element has insufficient contrast at this conformance level. Expected a contrast ratio of at least 4.5:1, but text in this element has a contrast ratio of 3.42:1. Recommendation:  change text colour to #003337.","1.4.3","AA","High","Automated","To do","html > body > div:nth-child(2) > p:nth-child(13) > a"
"https://www.kingsheathltn.co.uk/links-and-articles/","","Page content","This element has insufficient contrast at this conformance level. Expected a contrast ratio of at least 4.5:1, but text in this element has a contrast ratio of 3.05:1. Recommendation:  change background to #008390.","1.4.3","AA","High","Automated","To do","html > body > div:nth-child(2) > p:nth-child(14)"
"https://www.kingsheathltn.co.uk/links-and-articles/","","Page content","This element has insufficient contrast at this conformance level. Expected a contrast ratio of at least 4.5:1, but text in this element has a contrast ratio of 3.42:1. Recommendation:  change text colour to #003337.","1.4.3","AA","High","Automated","To do","html > body > div:nth-child(2) > p:nth-child(14) > a"
"https://www.kingsheathltn.co.uk/links-and-articles/","","Page content","This element has insufficient contrast at this conformance level. Expected a contrast ratio of at least 4.5:1, but text in this element has a contrast ratio of 3.05:1. Recommendation:  change background to #008390.","1.4.3","AA","High","Automated","To do","html > body > div:nth-child(2) > p:nth-child(17)"
"https://www.kingsheathltn.co.uk/links-and-articles/","","Page content","This element has insufficient contrast at this conformance level. Expected a contrast ratio of at least 4.5:1, but text in this element has a contrast ratio of 3.42:1. Recommendation:  change text colour to #003337.","1.4.3","AA","High","Automated","To do","html > body > div:nth-child(2) > p:nth-child(18) > a"
"https://www.kingsheathltn.co.uk/links-and-articles/","","Page content","This element has insufficient contrast at this conformance level. Expected a contrast ratio of at least 4.5:1, but text in this element has a contrast ratio of 3.05:1. Recommendation:  change background to #008390.","1.4.3","AA","High","Automated","To do","html > body > div:nth-child(2) > p:nth-child(19)"
"https://www.kingsheathltn.co.uk/links-and-articles/","","Page content","This element has insufficient contrast at this conformance level. Expected a contrast ratio of at least 4.5:1, but text in this element has a contrast ratio of 3.42:1. Recommendation:  change text colour to #003337.","1.4.3","AA","High","Automated","To do","html > body > div:nth-child(2) > p:nth-child(20) > a"
"https://www.kingsheathltn.co.uk/links-and-articles/","","Page content","This element has insufficient contrast at this conformance level. Expected a contrast ratio of at least 4.5:1, but text in this element has a contrast ratio of 3.05:1. Recommendation:  change background to #008390.","1.4.3","AA","High","Automated","To do","html > body > div:nth-child(2) > p:nth-child(21)"
"https://www.kingsheathltn.co.uk/links-and-articles/","","Page content","This element has insufficient contrast at this conformance level. Expected a contrast ratio of at least 4.5:1, but text in this element has a contrast ratio of 3.42:1. Recommendation:  change text colour to #003337.","1.4.3","AA","High","Automated","To do","html > body > div:nth-child(2) > p:nth-child(22) > a"
"https://www.kingsheathltn.co.uk/links-and-articles/","","Page content","This element has insufficient contrast at this conformance level. Expected a contrast ratio of at least 4.5:1, but text in this element has a contrast ratio of 3.05:1. Recommendation:  change background to #008390.","1.4.3","AA","High","Automated","To do","html > body > div:nth-child(2) > p:nth-child(23)"
"https://www.kingsheathltn.co.uk/links-and-articles/","","Page content","This element has insufficient contrast at this conformance level. Expected a contrast ratio of at least 4.5:1, but text in this element has a contrast ratio of 3.42:1. Recommendation:  change text colour to #003337.","1.4.3","AA","High","Automated","To do","html > body > div:nth-child(2) > p:nth-child(24) > a"
"https://www.kingsheathltn.co.uk/links-and-articles/","","Footer","This element has insufficient contrast at this conformance level. Expected a contrast ratio of at least 4.5:1, but text in this element has a contrast ratio of 3.05:1. Recommendation:  change background to #008390.","1.4.3","AA","High","Automated","To do","html > body > footer > div > div:nth-child(2) > p"
"https://www.kingsheathltn.co.uk/links-and-articles/","","Page content","Iframe element requires a non-empty title attribute that identifies the frame.","2.4.1","AA","Medium","Automated","To do","#main-video"
"https://www.kingsheathltn.co.uk/links-and-articles/","","Page content","This element has insufficient contrast at this conformance level. Expected a contrast ratio of at least 4.5:1, but text in this element has a contrast ratio of 2.93:1. Recommendation:  change background to #00857c.","1.4.3","AA","High","Automated","To do","#cn-accept-cookie"