Page URL,Template,Component,Issue,WCAG Criterion,WCAG Level,Severity,Source,Status,Notes
"https://substrakt.com/#main-content","","","Duplicate id attribute value ""Layer_1"" found on the web page.","4.1.1","AA","Low","Automated","To do","#Layer_1"
"https://substrakt.com/#main-content","","","This element has insufficient contrast at this conformance level. Expected a contrast ratio of at least 4.5:1, but text in this element has a contrast ratio of 3.73:1. Recommendation:  change text colour to #6d787f.","1.4.3","AA","Low","Automated","To do","#main-content > section > section:nth-child(2) > div:nth-child(2) > div:nth-child(5) > section > div:nth-child(1) > div:nth-child(1) > div > div:nth-child(4) > p:nth-child(1)"
"https://substrakt.com/#main-content","","","This element has insufficient contrast at this conformance level. Expected a contrast ratio of at least 4.5:1, but text in this element has a contrast ratio of 3.73:1. Recommendation:  change text colour to #6d787f.","1.4.3","AA","Low","Automated","To do","#main-content > section > section:nth-child(2) > div:nth-child(2) > div:nth-child(5) > section > div:nth-child(1) > div:nth-child(1) > div > div:nth-child(4) > p:nth-child(2)"
"https://substrakt.com/#main-content","","","This element has insufficient contrast at this conformance level. Expected a contrast ratio of at least 4.5:1, but text in this element has a contrast ratio of 3.73:1. Recommendation:  change text colour to #6d787f.","1.4.3","AA","Low","Automated","To do","#main-content > section > section:nth-child(2) > div:nth-child(2) > div:nth-child(5) > section > div:nth-child(1) > div:nth-child(2) > div > div:nth-child(4) > p:nth-child(1)"
"https://substrakt.com/#main-content","","","This element has insufficient contrast at this conformance level. Expected a contrast ratio of at least 4.5:1, but text in this element has a contrast ratio of 3.73:1. Recommendation:  change text colour to #6d787f.","1.4.3","AA","Low","Automated","To do","#main-content > section > section:nth-child(2) > div:nth-child(2) > div:nth-child(5) > section > div:nth-child(1) > div:nth-child(2) > div > div:nth-child(4) > p:nth-child(2)"
"https://substrakt.com/#main-content","","","This element has insufficient contrast at this conformance level. Expected a contrast ratio of at least 4.5:1, but text in this element has a contrast ratio of 3.73:1. Recommendation:  change text colour to #6d787f.","1.4.3","AA","Low","Automated","To do","#main-content > section > section:nth-child(2) > div:nth-child(2) > div:nth-child(5) > section > div:nth-child(1) > div:nth-child(3) > div > div:nth-child(4) > p:nth-child(1)"
"https://substrakt.com/#main-content","","","This element has insufficient contrast at this conformance level. Expected a contrast ratio of at least 4.5:1, but text in this element has a contrast ratio of 3.73:1. Recommendation:  change text colour to #6d787f.","1.4.3","AA","Low","Automated","To do","#main-content > section > section:nth-child(2) > div:nth-child(2) > div:nth-child(5) > section > div:nth-child(1) > div:nth-child(3) > div > div:nth-child(4) > p:nth-child(2)"
"https://substrakt.com/#main-content","","","Duplicate id attribute value ""Layer_1"" found on the web page.","4.1.1","AA","Low","Automated","To do","#Layer_1"
"https://substrakt.com/#main-content","","","Duplicate id attribute value ""Layer_1"" found on the web page.","4.1.1","AA","Low","Automated","To do","#Layer_1"
"https://substrakt.com/","","","Duplicate id attribute value ""Layer_1"" found on the web page.","4.1.1","AA","Low","Automated","To do","#Layer_1"
"https://substrakt.com/","","","This element has insufficient contrast at this conformance level. Expected a contrast ratio of at least 4.5:1, but text in this element has a contrast ratio of 3.73:1. Recommendation:  change text colour to #6d787f.","1.4.3","AA","Low","Automated","To do","#main-content > section > section:nth-child(2) > div:nth-child(2) > div:nth-child(5) > section > div:nth-child(1) > div:nth-child(1) > div > div:nth-child(4) > p:nth-child(1)"
"https://substrakt.com/","","","This element has insufficient contrast at this conformance level. Expected a contrast ratio of at least 4.5:1, but text in this element has a contrast ratio of 3.73:1. Recommendation:  change text colour to #6d787f.","1.4.3","AA","Low","Automated","To do","#main-content > section > section:nth-child(2) > div:nth-child(2) > div:nth-child(5) > section > div:nth-child(1) > div:nth-child(1) > div > div:nth-child(4) > p:nth-child(2)"
"https://substrakt.com/","","","This element has insufficient contrast at this conformance level. Expected a contrast ratio of at least 4.5:1, but text in this element has a contrast ratio of 3.73:1. Recommendation:  change text colour to #6d787f.","1.4.3","AA","Low","Automated","To do","#main-content > section > section:nth-child(2) > div:nth-child(2) > div:nth-child(5) > section > div:nth-child(1) > div:nth-child(2) > div > div:nth-child(4) > p:nth-child(1)"
"https://substrakt.com/","","","This element has insufficient contrast at this conformance level. Expected a contrast ratio of at least 4.5:1, but text in this element has a contrast ratio of 3.73:1. Recommendation:  change text colour to #6d787f.","1.4.3","AA","Low","Automated","To do","#main-content > section > section:nth-child(2) > div:nth-child(2) > div:nth-child(5) > section > div:nth-child(1) > div:nth-child(2) > div > div:nth-child(4) > p:nth-child(2)"
"https://substrakt.com/","","","This element has insufficient contrast at this conformance level. Expected a contrast ratio of at least 4.5:1, but text in this element has a contrast ratio of 3.73:1. Recommendation:  change text colour to #6d787f.","1.4.3","AA","Low","Automated","To do","#main-content > section > section:nth-child(2) > div:nth-child(2) > div:nth-child(5) > section > div:nth-child(1) > div:nth-child(3) > div > div:nth-child(4) > p:nth-child(1)"
"https://substrakt.com/","","","This element has insufficient contrast at this conformance level. Expected a contrast ratio of at least 4.5:1, but text in this element has a contrast ratio of 3.73:1. Recommendation:  change text colour to #6d787f.","1.4.3","AA","Low","Automated","To do","#main-content > section > section:nth-child(2) > div:nth-child(2) > div:nth-child(5) > section > div:nth-child(1) > div:nth-child(3) > div > div:nth-child(4) > p:nth-child(2)"
"https://substrakt.com/","","","Duplicate id attribute value ""Layer_1"" found on the web page.","4.1.1","AA","Low","Automated","To do","#Layer_1"
"https://substrakt.com/","","","Duplicate id attribute value ""Layer_1"" found on the web page.","4.1.1","AA","Low","Automated","To do","#Layer_1"
"https://substrakt.com/","","","Img element missing an alt attribute. Use the alt attribute to specify a short text alternative.","1.1.1","AA","Low","Automated","To do","html > body > img:nth-child(16)"
"https://substrakt.com/","","","Img element missing an alt attribute. Use the alt attribute to specify a short text alternative.","1.1.1","AA","Low","Automated","To do","html > body > img:nth-child(17)"
"https://substrakt.com/about/","","","Duplicate id attribute value ""Layer_1"" found on the web page.","4.1.1","AA","Low","Automated","To do","#Layer_1"
"https://substrakt.com/about/","","","This element has insufficient contrast at this conformance level. Expected a contrast ratio of at least 4.5:1, but text in this element has a contrast ratio of 3.73:1. Recommendation:  change text colour to #6d787f.","1.4.3","AA","Low","Automated","To do","#main-content > section:nth-child(2) > div > div:nth-child(8) > section > div:nth-child(1) > div:nth-child(1) > div > div:nth-child(4) > p:nth-child(1)"
"https://substrakt.com/about/","","","This element has insufficient contrast at this conformance level. Expected a contrast ratio of at least 4.5:1, but text in this element has a contrast ratio of 3.73:1. Recommendation:  change text colour to #6d787f.","1.4.3","AA","Low","Automated","To do","#main-content > section:nth-child(2) > div > div:nth-child(8) > section > div:nth-child(1) > div:nth-child(1) > div > div:nth-child(4) > p:nth-child(2)"
"https://substrakt.com/about/","","","This element has insufficient contrast at this conformance level. Expected a contrast ratio of at least 4.5:1, but text in this element has a contrast ratio of 3.73:1. Recommendation:  change text colour to #6d787f.","1.4.3","AA","Low","Automated","To do","#main-content > section:nth-child(2) > div > div:nth-child(8) > section > div:nth-child(1) > div:nth-child(2) > div > div:nth-child(4) > p:nth-child(1)"
"https://substrakt.com/about/","","","This element has insufficient contrast at this conformance level. Expected a contrast ratio of at least 4.5:1, but text in this element has a contrast ratio of 3.73:1. Recommendation:  change text colour to #6d787f.","1.4.3","AA","Low","Automated","To do","#main-content > section:nth-child(2) > div > div:nth-child(8) > section > div:nth-child(1) > div:nth-child(2) > div > div:nth-child(4) > p:nth-child(2)"
"https://substrakt.com/about/","","","This element has insufficient contrast at this conformance level. Expected a contrast ratio of at least 4.5:1, but text in this element has a contrast ratio of 3.73:1. Recommendation:  change text colour to #6d787f.","1.4.3","AA","Low","Automated","To do","#main-content > section:nth-child(2) > div > div:nth-child(8) > section > div:nth-child(1) > div:nth-child(3) > div > div:nth-child(4) > p:nth-child(1)"
"https://substrakt.com/about/","","","This element has insufficient contrast at this conformance level. Expected a contrast ratio of at least 4.5:1, but text in this element has a contrast ratio of 3.73:1. Recommendation:  change text colour to #6d787f.","1.4.3","AA","Low","Automated","To do","#main-content > section:nth-child(2) > div > div:nth-child(8) > section > div:nth-child(1) > div:nth-child(3) > div > div:nth-child(4) > p:nth-child(2)"
"https://substrakt.com/about/","","","Duplicate id attribute value ""Layer_1"" found on the web page.","4.1.1","AA","Low","Automated","To do","#Layer_1"
"https://substrakt.com/about/","","","Duplicate id attribute value ""Layer_1"" found on the web page.","4.1.1","AA","Low","Automated","To do","#Layer_1"
"https://substrakt.com/our-work/","","","Duplicate id attribute value ""Layer_1"" found on the web page.","4.1.1","AA","Low","Automated","To do","#Layer_1"
"https://substrakt.com/our-work/","","","Duplicate id attribute value ""Layer_1"" found on the web page.","4.1.1","AA","Low","Automated","To do","#Layer_1"
"https://substrakt.com/our-work/","","","Duplicate id attribute value ""Layer_1"" found on the web page.","4.1.1","AA","Low","Automated","To do","#Layer_1"
"https://substrakt.com/our-services/","","","Duplicate id attribute value ""Layer_1"" found on the web page.","4.1.1","AA","Low","Automated","To do","#Layer_1"
"https://substrakt.com/our-services/","","","Duplicate id attribute value ""Layer_1"" found on the web page.","4.1.1","AA","Low","Automated","To do","#Layer_1"
"https://substrakt.com/our-services/","","","This element has insufficient contrast at this conformance level. Expected a contrast ratio of at least 3:1, but text in this element has a contrast ratio of 1:1. Recommendation:  change text colour to #949494.","1.4.3","AA","Low","Automated","To do","#main-content > section:nth-child(2) > div > section:nth-child(11) > div > div:nth-child(2) > div > div > h3"
"https://substrakt.com/our-services/","","","This element has insufficient contrast at this conformance level. Expected a contrast ratio of at least 3:1, but text in this element has a contrast ratio of 1:1. Recommendation:  change text colour to #949494.","1.4.3","AA","Low","Automated","To do","#main-content > section:nth-child(2) > div > section:nth-child(11) > div > div:nth-child(3) > div > div > h3"
"https://substrakt.com/our-services/","","","Duplicate id attribute value ""Layer_1"" found on the web page.","4.1.1","AA","Low","Automated","To do","#Layer_1"
"https://substrakt.com/our-services/","","","Duplicate id attribute value ""Layer_1"" found on the web page.","4.1.1","AA","Low","Automated","To do","#Layer_1"
"https://substrakt.com/events-resources/","","","Duplicate id attribute value ""Layer_1"" found on the web page.","4.1.1","AA","Low","Automated","To do","#Layer_1"
"https://substrakt.com/events-resources/","","","This element has insufficient contrast at this conformance level. Expected a contrast ratio of at least 4.5:1, but text in this element has a contrast ratio of 3.54:1. Recommendation:  change background to #373737.","1.4.3","AA","Low","Automated","To do","#Layer_2 > defs > style"
"https://substrakt.com/events-resources/","","","This element has insufficient contrast at this conformance level. Expected a contrast ratio of at least 4.5:1, but text in this element has a contrast ratio of 3.54:1. Recommendation:  change background to #373737.","1.4.3","AA","Low","Automated","To do","#mc_embed_signup > p"
"https://substrakt.com/events-resources/","","","This element has insufficient contrast at this conformance level. Expected a contrast ratio of at least 4.5:1, but text in this element has a contrast ratio of 3.54:1. Recommendation:  change background to #373737.","1.4.3","AA","Low","Automated","To do","#mc-embedded-subscribe"
"https://substrakt.com/events-resources/","","","This element has insufficient contrast at this conformance level. Expected a contrast ratio of at least 4.5:1, but text in this element has a contrast ratio of 3.73:1. Recommendation:  change text colour to #6d787f.","1.4.3","AA","Low","Automated","To do","#results > div > div:nth-child(2) > div > div:nth-child(4) > span"
"https://substrakt.com/events-resources/","","","This element has insufficient contrast at this conformance level. Expected a contrast ratio of at least 4.5:1, but text in this element has a contrast ratio of 3.73:1. Recommendation:  change text colour to #6d787f.","1.4.3","AA","Low","Automated","To do","#results > div > div:nth-child(3) > div > div:nth-child(4) > span"
"https://substrakt.com/events-resources/","","","This element has insufficient contrast at this conformance level. Expected a contrast ratio of at least 4.5:1, but text in this element has a contrast ratio of 3.73:1. Recommendation:  change text colour to #6d787f.","1.4.3","AA","Low","Automated","To do","#results > div > div:nth-child(4) > div > div:nth-child(4) > span"
"https://substrakt.com/events-resources/","","","This element has insufficient contrast at this conformance level. Expected a contrast ratio of at least 4.5:1, but text in this element has a contrast ratio of 3.73:1. Recommendation:  change text colour to #6d787f.","1.4.3","AA","Low","Automated","To do","#results > div > div:nth-child(4) > div > div:nth-child(4) > div > span"
"https://substrakt.com/events-resources/","","","This element has insufficient contrast at this conformance level. Expected a contrast ratio of at least 4.5:1, but text in this element has a contrast ratio of 3.73:1. Recommendation:  change text colour to #6d787f.","1.4.3","AA","Low","Automated","To do","#results > div > div:nth-child(5) > div > div:nth-child(4) > span"
"https://substrakt.com/events-resources/","","","This element has insufficient contrast at this conformance level. Expected a contrast ratio of at least 4.5:1, but text in this element has a contrast ratio of 3.73:1. Recommendation:  change text colour to #6d787f.","1.4.3","AA","Low","Automated","To do","#results > div > div:nth-child(5) > div > div:nth-child(4) > div > span"
"https://substrakt.com/events-resources/","","","This element has insufficient contrast at this conformance level. Expected a contrast ratio of at least 4.5:1, but text in this element has a contrast ratio of 3.73:1. Recommendation:  change text colour to #6d787f.","1.4.3","AA","Low","Automated","To do","#results > div > div:nth-child(6) > div > div:nth-child(4) > span"
"https://substrakt.com/events-resources/","","","This element has insufficient contrast at this conformance level. Expected a contrast ratio of at least 4.5:1, but text in this element has a contrast ratio of 3.73:1. Recommendation:  change text colour to #6d787f.","1.4.3","AA","Low","Automated","To do","#results > div > div:nth-child(6) > div > div:nth-child(4) > div > span"
"https://substrakt.com/events-resources/","","","This element has insufficient contrast at this conformance level. Expected a contrast ratio of at least 4.5:1, but text in this element has a contrast ratio of 3.73:1. Recommendation:  change text colour to #6d787f.","1.4.3","AA","Low","Automated","To do","#results > div > div:nth-child(7) > div > div:nth-child(4) > span"
"https://substrakt.com/events-resources/","","","This element has insufficient contrast at this conformance level. Expected a contrast ratio of at least 4.5:1, but text in this element has a contrast ratio of 3.73:1. Recommendation:  change text colour to #6d787f.","1.4.3","AA","Low","Automated","To do","#results > div > div:nth-child(7) > div > div:nth-child(4) > div > span"
"https://substrakt.com/events-resources/","","","Duplicate id attribute value ""mc_embed_shell"" found on the web page.","4.1.1","AA","Low","Automated","To do","#mc_embed_shell"
"https://substrakt.com/events-resources/","","","Duplicate id attribute value ""mc_embed_signup"" found on the web page.","4.1.1","AA","Low","Automated","To do","#mc_embed_signup"
"https://substrakt.com/events-resources/","","","Duplicate id attribute value ""mc-embedded-subscribe-form"" found on the web page.","4.1.1","AA","Low","Automated","To do","#mc-embedded-subscribe-form"
"https://substrakt.com/events-resources/","","","Duplicate id attribute value ""mc_embed_signup_scroll"" found on the web page.","4.1.1","AA","Low","Automated","To do","#mc_embed_signup_scroll"
"https://substrakt.com/events-resources/","","","Duplicate id attribute value ""mce-EMAIL"" found on the web page.","4.1.1","AA","Low","Automated","To do","#mce-EMAIL"
"https://substrakt.com/events-resources/","","","Duplicate id attribute value ""mce-MMERGE6"" found on the web page.","4.1.1","AA","Low","Automated","To do","#mce-MMERGE6"
"https://substrakt.com/events-resources/","","","Duplicate id attribute value ""mc-embedded-subscribe"" found on the web page.","4.1.1","AA","Low","Automated","To do","#mc-embedded-subscribe"
"https://substrakt.com/events-resources/","","","Duplicate id attribute value ""mce-responses"" found on the web page.","4.1.1","AA","Low","Automated","To do","#mce-responses"
"https://substrakt.com/events-resources/","","","Duplicate id attribute value ""mce-error-response"" found on the web page.","4.1.1","AA","Low","Automated","To do","#mce-error-response"
"https://substrakt.com/events-resources/","","","Duplicate id attribute value ""mce-success-response"" found on the web page.","4.1.1","AA","Low","Automated","To do","#mce-success-response"
"https://substrakt.com/events-resources/","","","Duplicate id attribute value ""Layer_1"" found on the web page.","4.1.1","AA","Low","Automated","To do","#Layer_1"
"https://substrakt.com/events-resources/","","","Duplicate id attribute value ""Layer_1"" found on the web page.","4.1.1","AA","Low","Automated","To do","#Layer_1"
"https://substrakt.com/get-in-touch/","","","Duplicate id attribute value ""Layer_1"" found on the web page.","4.1.1","AA","Low","Automated","To do","#Layer_1"
"https://substrakt.com/get-in-touch/","","","Duplicate id attribute value ""Layer_1"" found on the web page.","4.1.1","AA","Low","Automated","To do","#Layer_1"
"https://substrakt.com/about/careers/","","","This element has insufficient contrast at this conformance level. Expected a contrast ratio of at least 3:1, but text in this element has a contrast ratio of 1.02:1. Recommendation:  change background to #575775.","1.4.3","AA","Low","Automated","To do","#main-content > section > section:nth-child(2) > div > div:nth-child(3) > div:nth-child(1) > p"
"https://substrakt.com/about/careers/","","","This element has insufficient contrast at this conformance level. Expected a contrast ratio of at least 4.5:1, but text in this element has a contrast ratio of 1.02:1. Recommendation:  change background to #727290.","1.4.3","AA","Low","Automated","To do","#main-content > section > section:nth-child(2) > div > div:nth-child(3) > div:nth-child(2) > details:nth-child(1) > summary"
"https://substrakt.com/about/careers/","","","This element has insufficient contrast at this conformance level. Expected a contrast ratio of at least 4.5:1, but text in this element has a contrast ratio of 1.02:1. Recommendation:  change background to #727290.","1.4.3","AA","Low","Automated","To do","#main-content > section > section:nth-child(2) > div > div:nth-child(3) > div:nth-child(2) > details:nth-child(1) > p"
"https://substrakt.com/about/careers/","","","This element has insufficient contrast at this conformance level. Expected a contrast ratio of at least 4.5:1, but text in this element has a contrast ratio of 1.02:1. Recommendation:  change background to #727290.","1.4.3","AA","Low","Automated","To do","#main-content > section > section:nth-child(2) > div > div:nth-child(3) > div:nth-child(2) > details:nth-child(2) > summary"
"https://substrakt.com/about/careers/","","","This element has insufficient contrast at this conformance level. Expected a contrast ratio of at least 4.5:1, but text in this element has a contrast ratio of 1.02:1. Recommendation:  change background to #727290.","1.4.3","AA","Low","Automated","To do","#main-content > section > section:nth-child(2) > div > div:nth-child(3) > div:nth-child(2) > details:nth-child(2) > p"
"https://substrakt.com/about/careers/","","","This element has insufficient contrast at this conformance level. Expected a contrast ratio of at least 4.5:1, but text in this element has a contrast ratio of 1.02:1. Recommendation:  change background to #727290.","1.4.3","AA","Low","Automated","To do","#main-content > section > section:nth-child(2) > div > div:nth-child(3) > div:nth-child(2) > details:nth-child(3) > summary"
"https://substrakt.com/about/careers/","","","This element has insufficient contrast at this conformance level. Expected a contrast ratio of at least 4.5:1, but text in this element has a contrast ratio of 1.02:1. Recommendation:  change background to #727290.","1.4.3","AA","Low","Automated","To do","#main-content > section > section:nth-child(2) > div > div:nth-child(3) > div:nth-child(2) > details:nth-child(3) > p"
"https://substrakt.com/about/careers/","","","This element has insufficient contrast at this conformance level. Expected a contrast ratio of at least 4.5:1, but text in this element has a contrast ratio of 1.02:1. Recommendation:  change background to #727290.","1.4.3","AA","Low","Automated","To do","#main-content > section > section:nth-child(2) > div > div:nth-child(3) > div:nth-child(2) > details:nth-child(4) > summary"
"https://substrakt.com/about/careers/","","","This element has insufficient contrast at this conformance level. Expected a contrast ratio of at least 4.5:1, but text in this element has a contrast ratio of 1.02:1. Recommendation:  change background to #727290.","1.4.3","AA","Low","Automated","To do","#main-content > section > section:nth-child(2) > div > div:nth-child(3) > div:nth-child(2) > details:nth-child(4) > p"
"https://substrakt.com/about/careers/","","","This element has insufficient contrast at this conformance level. Expected a contrast ratio of at least 4.5:1, but text in this element has a contrast ratio of 1.02:1. Recommendation:  change background to #727290.","1.4.3","AA","Low","Automated","To do","#main-content > section > section:nth-child(2) > div > div:nth-child(3) > div:nth-child(2) > details:nth-child(5) > summary"
"https://substrakt.com/about/careers/","","","This element has insufficient contrast at this conformance level. Expected a contrast ratio of at least 4.5:1, but text in this element has a contrast ratio of 1.02:1. Recommendation:  change background to #727290.","1.4.3","AA","Low","Automated","To do","#main-content > section > section:nth-child(2) > div > div:nth-child(3) > div:nth-child(2) > details:nth-child(5) > p"
"https://substrakt.com/about/careers/","","","This element has insufficient contrast at this conformance level. Expected a contrast ratio of at least 4.5:1, but text in this element has a contrast ratio of 1.02:1. Recommendation:  change background to #727290.","1.4.3","AA","Low","Automated","To do","#main-content > section > section:nth-child(2) > div > div:nth-child(3) > div:nth-child(2) > details:nth-child(6) > summary"
"https://substrakt.com/about/careers/","","","This element has insufficient contrast at this conformance level. Expected a contrast ratio of at least 4.5:1, but text in this element has a contrast ratio of 1.02:1. Recommendation:  change background to #727290.","1.4.3","AA","Low","Automated","To do","#main-content > section > section:nth-child(2) > div > div:nth-child(3) > div:nth-child(2) > details:nth-child(6) > p"
"https://substrakt.com/about/careers/","","","This element has insufficient contrast at this conformance level. Expected a contrast ratio of at least 4.5:1, but text in this element has a contrast ratio of 1.02:1. Recommendation:  change background to #727290.","1.4.3","AA","Low","Automated","To do","#main-content > section > section:nth-child(2) > div > div:nth-child(3) > div:nth-child(2) > details:nth-child(7) > summary"
"https://substrakt.com/about/careers/","","","This element has insufficient contrast at this conformance level. Expected a contrast ratio of at least 4.5:1, but text in this element has a contrast ratio of 1.02:1. Recommendation:  change background to #727290.","1.4.3","AA","Low","Automated","To do","#main-content > section > section:nth-child(2) > div > div:nth-child(3) > div:nth-child(2) > details:nth-child(7) > p"
"https://substrakt.com/about/careers/","","","This element has insufficient contrast at this conformance level. Expected a contrast ratio of at least 4.5:1, but text in this element has a contrast ratio of 1.02:1. Recommendation:  change background to #727290.","1.4.3","AA","Low","Automated","To do","#main-content > section > section:nth-child(2) > div > div:nth-child(3) > div:nth-child(2) > details:nth-child(8) > summary"
"https://substrakt.com/about/careers/","","","This element has insufficient contrast at this conformance level. Expected a contrast ratio of at least 4.5:1, but text in this element has a contrast ratio of 1.02:1. Recommendation:  change background to #727290.","1.4.3","AA","Low","Automated","To do","#main-content > section > section:nth-child(2) > div > div:nth-child(3) > div:nth-child(2) > details:nth-child(8) > p"
"https://substrakt.com/about/careers/","","","This element has insufficient contrast at this conformance level. Expected a contrast ratio of at least 4.5:1, but text in this element has a contrast ratio of 1.02:1. Recommendation:  change background to #727290.","1.4.3","AA","Low","Automated","To do","#main-content > section > section:nth-child(2) > div > div:nth-child(3) > div:nth-child(2) > details:nth-child(9) > summary"
"https://substrakt.com/about/careers/","","","This element has insufficient contrast at this conformance level. Expected a contrast ratio of at least 4.5:1, but text in this element has a contrast ratio of 1.02:1. Recommendation:  change background to #727290.","1.4.3","AA","Low","Automated","To do","#main-content > section > section:nth-child(2) > div > div:nth-child(3) > div:nth-child(2) > details:nth-child(9) > p"
"https://substrakt.com/about/careers/","","","This element has insufficient contrast at this conformance level. Expected a contrast ratio of at least 3:1, but text in this element has a contrast ratio of 2.54:1. Recommendation:  change background to #2234ff.","1.4.3","AA","Low","Automated","To do","html > body > footer > h2"
"https://substrakt.com/about/careers/","","","Duplicate id attribute value ""Layer_1"" found on the web page.","4.1.1","AA","Low","Automated","To do","#Layer_1"
"https://substrakt.com/about/careers/","","","This element has insufficient contrast at this conformance level. Expected a contrast ratio of at least 4.5:1, but text in this element has a contrast ratio of 2.54:1. Recommendation:  change background to #5361ff.","1.4.3","AA","Low","Automated","To do","html > body > footer > div > div > div > div > div:nth-child(1) > div:nth-child(2) > div:nth-child(1) > address > p"
"https://substrakt.com/about/careers/","","","This element has insufficient contrast at this conformance level. Expected a contrast ratio of at least 4.5:1, but text in this element has a contrast ratio of 1.14:1. Recommendation:  change background to #feffff.","1.4.3","AA","Low","Automated","To do","#menu-item-49 > a"
"https://substrakt.com/about/careers/","","","This element has insufficient contrast at this conformance level. Expected a contrast ratio of at least 4.5:1, but text in this element has a contrast ratio of 1.14:1. Recommendation:  change background to #feffff.","1.4.3","AA","Low","Automated","To do","#menu-item-50 > a"
"https://substrakt.com/about/careers/","","","This element has insufficient contrast at this conformance level. Expected a contrast ratio of at least 4.5:1, but text in this element has a contrast ratio of 1.14:1. Recommendation:  change background to #feffff.","1.4.3","AA","Low","Automated","To do","#menu-item-51 > a"
"https://substrakt.com/about/careers/","","","This element has insufficient contrast at this conformance level. Expected a contrast ratio of at least 4.5:1, but text in this element has a contrast ratio of 1.14:1. Recommendation:  change background to #feffff.","1.4.3","AA","Low","Automated","To do","#menu-item-52 > a"
"https://substrakt.com/about/careers/","","","This element has insufficient contrast at this conformance level. Expected a contrast ratio of at least 4.5:1, but text in this element has a contrast ratio of 1.14:1. Recommendation:  change background to #feffff.","1.4.3","AA","Low","Automated","To do","html > body > footer > div > div > div > div > div:nth-child(1) > div:nth-child(3) > ul:nth-child(2) > li:nth-child(1) > a > span"
"https://substrakt.com/about/careers/","","","This element has insufficient contrast at this conformance level. Expected a contrast ratio of at least 4.5:1, but text in this element has a contrast ratio of 1.14:1. Recommendation:  change background to #feffff.","1.4.3","AA","Low","Automated","To do","html > body > footer > div > div > div > div > div:nth-child(1) > div:nth-child(3) > ul:nth-child(2) > li:nth-child(2) > a > span"
"https://substrakt.com/about/careers/","","","This element has insufficient contrast at this conformance level. Expected a contrast ratio of at least 4.5:1, but text in this element has a contrast ratio of 1.14:1. Recommendation:  change background to #feffff.","1.4.3","AA","Low","Automated","To do","html > body > footer > div > div > div > div > div:nth-child(1) > div:nth-child(3) > ul:nth-child(2) > li:nth-child(3) > a > span"
"https://substrakt.com/about/careers/","","","Duplicate id attribute value ""Layer_1"" found on the web page.","4.1.1","AA","Low","Automated","To do","#Layer_1"
"https://substrakt.com/about/careers/","","","This element has insufficient contrast at this conformance level. Expected a contrast ratio of at least 4.5:1, but text in this element has a contrast ratio of 2.54:1. Recommendation:  change background to #5361ff.","1.4.3","AA","Low","Automated","To do","#Layer_1 > defs > style"
"https://substrakt.com/about/our-team/","","","Duplicate id attribute value ""Layer_1"" found on the web page.","4.1.1","AA","Low","Automated","To do","#Layer_1"
"https://substrakt.com/about/our-team/","","","Duplicate id attribute value ""Layer_1"" found on the web page.","4.1.1","AA","Low","Automated","To do","#Layer_1"
"https://substrakt.com/products/viadukt/","","","Duplicate id attribute value ""Layer_1"" found on the web page.","4.1.1","AA","Low","Automated","To do","#Layer_1"
"https://substrakt.com/products/viadukt/","","","Duplicate id attribute value ""Layer_1"" found on the web page.","4.1.1","AA","Low","Automated","To do","#Layer_1"
"https://substrakt.com/products/viadukt/","","","Duplicate id attribute value ""gform_gravityforms_theme-js"" found on the web page.","4.1.1","AA","Low","Automated","To do","#gform_gravityforms_theme-js"
"https://substrakt.com/services/consultancy/","","","This element has insufficient contrast at this conformance level. Expected a contrast ratio of at least 3:1, but text in this element has a contrast ratio of 1:1. Recommendation:  change text colour to #949494.","1.4.3","AA","Low","Automated","To do","#main-content > section > section:nth-child(2) > div > section:nth-child(4) > div > div:nth-child(2) > div > div > h3"
"https://substrakt.com/services/consultancy/","","","This element has insufficient contrast at this conformance level. Expected a contrast ratio of at least 3:1, but text in this element has a contrast ratio of 1:1. Recommendation:  change text colour to #949494.","1.4.3","AA","Low","Automated","To do","#main-content > section > section:nth-child(2) > div > section:nth-child(4) > div > div:nth-child(3) > div > div > h3"
"https://substrakt.com/services/consultancy/","","","Duplicate id attribute value ""Layer_1"" found on the web page.","4.1.1","AA","Low","Automated","To do","#Layer_1"
"https://substrakt.com/services/consultancy/","","","Duplicate id attribute value ""Layer_1"" found on the web page.","4.1.1","AA","Low","Automated","To do","#Layer_1"
"https://substrakt.com/work/dulwich-picture-gallery/","","","This element has insufficient contrast at this conformance level. Expected a contrast ratio of at least 3:1, but text in this element has a contrast ratio of 1:1. Recommendation:  change text colour to #949494.","1.4.3","AA","Low","Automated","To do","#main-content > section > section:nth-child(2) > div > section:nth-child(14) > div > div:nth-child(2) > div > div > h3"
"https://substrakt.com/work/dulwich-picture-gallery/","","","This element has insufficient contrast at this conformance level. Expected a contrast ratio of at least 3:1, but text in this element has a contrast ratio of 1:1. Recommendation:  change text colour to #949494.","1.4.3","AA","Low","Automated","To do","#main-content > section > section:nth-child(2) > div > section:nth-child(14) > div > div:nth-child(3) > div > div > h3"
"https://substrakt.com/work/dulwich-picture-gallery/","","","This element has insufficient contrast at this conformance level. Expected a contrast ratio of at least 3:1, but text in this element has a contrast ratio of 1:1. Recommendation:  change text colour to #949494.","1.4.3","AA","Low","Automated","To do","#main-content > section > section:nth-child(2) > div > section:nth-child(14) > div > div:nth-child(4) > div > div > h3"
"https://substrakt.com/work/dulwich-picture-gallery/","","","Duplicate id attribute value ""Layer_1"" found on the web page.","4.1.1","AA","Low","Automated","To do","#Layer_1"
"https://substrakt.com/work/dulwich-picture-gallery/","","","Duplicate id attribute value ""Layer_1"" found on the web page.","4.1.1","AA","Low","Automated","To do","#Layer_1"
"https://substrakt.com/work/the-naples-players/","","","Duplicate id attribute value ""Layer_1"" found on the web page.","4.1.1","AA","Low","Automated","To do","#Layer_1"
"https://substrakt.com/work/the-naples-players/","","","Duplicate id attribute value ""Layer_1"" found on the web page.","4.1.1","AA","Low","Automated","To do","#Layer_1"
"https://substrakt.com/work/the-naples-players/","","","Img element missing an alt attribute. Use the alt attribute to specify a short text alternative.","1.1.1","AA","Low","Automated","To do","html > body > img:nth-child(17)"
"https://substrakt.com/work/the-naples-players/","","","Img element missing an alt attribute. Use the alt attribute to specify a short text alternative.","1.1.1","AA","Low","Automated","To do","html > body > img:nth-child(18)"
"https://substrakt.com/work/vancouver-international-film-festival/","","","This element has insufficient contrast at this conformance level. Expected a contrast ratio of at least 3:1, but text in this element has a contrast ratio of 1:1. Recommendation:  change text colour to #949494.","1.4.3","AA","Low","Automated","To do","#main-content > section > section:nth-child(2) > div > section:nth-child(9) > div > div:nth-child(2) > div > div > h3"
"https://substrakt.com/work/vancouver-international-film-festival/","","","This element has insufficient contrast at this conformance level. Expected a contrast ratio of at least 3:1, but text in this element has a contrast ratio of 1:1. Recommendation:  change text colour to #949494.","1.4.3","AA","Low","Automated","To do","#main-content > section > section:nth-child(2) > div > section:nth-child(9) > div > div:nth-child(3) > div > div > h3"
"https://substrakt.com/work/vancouver-international-film-festival/","","","This element has insufficient contrast at this conformance level. Expected a contrast ratio of at least 3:1, but text in this element has a contrast ratio of 1:1. Recommendation:  change text colour to #949494.","1.4.3","AA","Low","Automated","To do","#main-content > section > section:nth-child(2) > div > section:nth-child(9) > div > div:nth-child(4) > div > div > h3"
"https://substrakt.com/work/vancouver-international-film-festival/","","","Duplicate id attribute value ""Layer_1"" found on the web page.","4.1.1","AA","Low","Automated","To do","#Layer_1"
"https://substrakt.com/work/vancouver-international-film-festival/","","","Duplicate id attribute value ""Layer_1"" found on the web page.","4.1.1","AA","Low","Automated","To do","#Layer_1"
"https://substrakt.com/work/trinity-laban/","","","This element has insufficient contrast at this conformance level. Expected a contrast ratio of at least 3:1, but text in this element has a contrast ratio of 1:1. Recommendation:  change text colour to #949494.","1.4.3","AA","Low","Automated","To do","#main-content > section > section:nth-child(2) > div > section > div > div:nth-child(2) > div > div > h3"
"https://substrakt.com/work/trinity-laban/","","","This element has insufficient contrast at this conformance level. Expected a contrast ratio of at least 3:1, but text in this element has a contrast ratio of 1:1. Recommendation:  change text colour to #949494.","1.4.3","AA","Low","Automated","To do","#main-content > section > section:nth-child(2) > div > section > div > div:nth-child(3) > div > div > h3"
"https://substrakt.com/work/trinity-laban/","","","Duplicate id attribute value ""Layer_1"" found on the web page.","4.1.1","AA","Low","Automated","To do","#Layer_1"
"https://substrakt.com/work/trinity-laban/","","","Duplicate id attribute value ""Layer_1"" found on the web page.","4.1.1","AA","Low","Automated","To do","#Layer_1"
"https://substrakt.com/work/trinity-laban/","","","Img element missing an alt attribute. Use the alt attribute to specify a short text alternative.","1.1.1","AA","Low","Automated","To do","html > body > img:nth-child(17)"
"https://substrakt.com/work/trinity-laban/","","","Img element missing an alt attribute. Use the alt attribute to specify a short text alternative.","1.1.1","AA","Low","Automated","To do","html > body > img:nth-child(18)"
"https://substrakt.com/resources/benchmark-2025/","","","This element has insufficient contrast at this conformance level. Expected a contrast ratio of at least 4.5:1, but text in this element has a contrast ratio of 3.73:1. Recommendation:  change text colour to #6d787f.","1.4.3","AA","Low","Automated","To do","#main-content > section > section:nth-child(2) > div > section > div > div:nth-child(2) > div > div:nth-child(4) > span"
"https://substrakt.com/resources/benchmark-2025/","","","This element has insufficient contrast at this conformance level. Expected a contrast ratio of at least 4.5:1, but text in this element has a contrast ratio of 3.73:1. Recommendation:  change text colour to #6d787f.","1.4.3","AA","Low","Automated","To do","#main-content > section > section:nth-child(2) > div > section > div > div:nth-child(3) > div > div:nth-child(4) > span"
"https://substrakt.com/resources/benchmark-2025/","","","This element has insufficient contrast at this conformance level. Expected a contrast ratio of at least 4.5:1, but text in this element has a contrast ratio of 3.73:1. Recommendation:  change text colour to #6d787f.","1.4.3","AA","Low","Automated","To do","#main-content > section > section:nth-child(2) > div > section > div > div:nth-child(3) > div > div:nth-child(4) > div > span"
"https://substrakt.com/resources/benchmark-2025/","","","This element has insufficient contrast at this conformance level. Expected a contrast ratio of at least 4.5:1, but text in this element has a contrast ratio of 3.73:1. Recommendation:  change text colour to #6d787f.","1.4.3","AA","Low","Automated","To do","#main-content > section > section:nth-child(2) > div > section > div > div:nth-child(4) > div > div:nth-child(4) > span"
"https://substrakt.com/resources/benchmark-2025/","","","This element has insufficient contrast at this conformance level. Expected a contrast ratio of at least 4.5:1, but text in this element has a contrast ratio of 3.73:1. Recommendation:  change text colour to #6d787f.","1.4.3","AA","Low","Automated","To do","#main-content > section > section:nth-child(2) > div > section > div > div:nth-child(4) > div > div:nth-child(4) > div > span"
"https://substrakt.com/resources/benchmark-2025/","","","Duplicate id attribute value ""Layer_1"" found on the web page.","4.1.1","AA","Low","Automated","To do","#Layer_1"
"https://substrakt.com/resources/benchmark-2025/","","","Duplicate id attribute value ""Layer_1"" found on the web page.","4.1.1","AA","Low","Automated","To do","#Layer_1"
"https://substrakt.com/resources/benchmark-2025/","","","Img element missing an alt attribute. Use the alt attribute to specify a short text alternative.","1.1.1","AA","Low","Automated","To do","html > body > img:nth-child(16)"
"https://substrakt.com/resources/benchmark-2025/","","","Img element missing an alt attribute. Use the alt attribute to specify a short text alternative.","1.1.1","AA","Low","Automated","To do","html > body > img:nth-child(17)"
"https://substrakt.com/products/showcase/","","","Duplicate id attribute value ""Layer_1"" found on the web page.","4.1.1","AA","Low","Automated","To do","#Layer_1"
"https://substrakt.com/products/showcase/","","","Duplicate id attribute value ""Layer_1"" found on the web page.","4.1.1","AA","Low","Automated","To do","#Layer_1"
"https://substrakt.com/products/showcase/","","","Img element missing an alt attribute. Use the alt attribute to specify a short text alternative.","1.1.1","AA","Low","Automated","To do","html > body > img:nth-child(16)"
"https://substrakt.com/products/showcase/","","","Img element missing an alt attribute. Use the alt attribute to specify a short text alternative.","1.1.1","AA","Low","Automated","To do","html > body > img:nth-child(17)"
"https://substrakt.com/products/quick-donate/","","","Duplicate id attribute value ""Layer_1"" found on the web page.","4.1.1","AA","Low","Automated","To do","#Layer_1"
"https://substrakt.com/products/quick-donate/","","","Duplicate id attribute value ""Layer_1"" found on the web page.","4.1.1","AA","Low","Automated","To do","#Layer_1"
"https://substrakt.com/products/quick-donate/","","","Img element missing an alt attribute. Use the alt attribute to specify a short text alternative.","1.1.1","AA","Low","Automated","To do","html > body > img:nth-child(16)"
"https://substrakt.com/products/quick-donate/","","","Img element missing an alt attribute. Use the alt attribute to specify a short text alternative.","1.1.1","AA","Low","Automated","To do","html > body > img:nth-child(17)"
"https://substrakt.com/our-commitment-to-show-the-salary/","","","Duplicate id attribute value ""Layer_1"" found on the web page.","4.1.1","AA","Low","Automated","To do","#Layer_1"
"https://substrakt.com/our-commitment-to-show-the-salary/","","","Duplicate id attribute value ""Layer_1"" found on the web page.","4.1.1","AA","Low","Automated","To do","#Layer_1"
"https://substrakt.com/our-commitment-to-show-the-salary/","","","Img element missing an alt attribute. Use the alt attribute to specify a short text alternative.","1.1.1","AA","Low","Automated","To do","html > body > img:nth-child(16)"
"https://substrakt.com/our-commitment-to-show-the-salary/","","","Img element missing an alt attribute. Use the alt attribute to specify a short text alternative.","1.1.1","AA","Low","Automated","To do","html > body > img:nth-child(17)"
"https://substrakt.com/inclusive-recruitment-at-substrakt/","","","Anchor element found with a valid href attribute, but no link content has been supplied.","4.1.2","AA","Low","Automated","To do","#main-content > section > section:nth-child(2) > div > section > div > div > a"
"https://substrakt.com/inclusive-recruitment-at-substrakt/","","","Duplicate id attribute value ""Layer_1"" found on the web page.","4.1.1","AA","Low","Automated","To do","#Layer_1"
"https://substrakt.com/inclusive-recruitment-at-substrakt/","","","Duplicate id attribute value ""Layer_1"" found on the web page.","4.1.1","AA","Low","Automated","To do","#Layer_1"
"https://substrakt.com/a-day-in-the-life/","","","This element has insufficient contrast at this conformance level. Expected a contrast ratio of at least 4.5:1, but text in this element has a contrast ratio of 3.73:1. Recommendation:  change text colour to #6d787f.","1.4.3","AA","Low","Automated","To do","#main-content > section > section:nth-child(2) > div > section:nth-child(3) > div > div:nth-child(1) > div > div:nth-child(4) > span"
"https://substrakt.com/a-day-in-the-life/","","","This element has insufficient contrast at this conformance level. Expected a contrast ratio of at least 4.5:1, but text in this element has a contrast ratio of 3.73:1. Recommendation:  change text colour to #6d787f.","1.4.3","AA","Low","Automated","To do","#main-content > section > section:nth-child(2) > div > section:nth-child(3) > div > div:nth-child(2) > div > div:nth-child(4) > span"
"https://substrakt.com/a-day-in-the-life/","","","This element has insufficient contrast at this conformance level. Expected a contrast ratio of at least 4.5:1, but text in this element has a contrast ratio of 3.73:1. Recommendation:  change text colour to #6d787f.","1.4.3","AA","Low","Automated","To do","#main-content > section > section:nth-child(2) > div > section:nth-child(3) > div > div:nth-child(3) > div > div:nth-child(4) > span"
"https://substrakt.com/a-day-in-the-life/","","","Duplicate id attribute value ""Layer_1"" found on the web page.","4.1.1","AA","Low","Automated","To do","#Layer_1"
"https://substrakt.com/a-day-in-the-life/","","","Duplicate id attribute value ""Layer_1"" found on the web page.","4.1.1","AA","Low","Automated","To do","#Layer_1"
"https://substrakt.com/a-day-in-the-life/","","","Img element missing an alt attribute. Use the alt attribute to specify a short text alternative.","1.1.1","AA","Low","Automated","To do","html > body > img:nth-child(17)"
"https://substrakt.com/a-day-in-the-life/","","","Img element missing an alt attribute. Use the alt attribute to specify a short text alternative.","1.1.1","AA","Low","Automated","To do","html > body > img:nth-child(18)"
"https://substrakt.com/news/","","","This element has insufficient contrast at this conformance level. Expected a contrast ratio of at least 4.5:1, but text in this element has a contrast ratio of 3.73:1. Recommendation:  change text colour to #6d787f.","1.4.3","AA","Low","Automated","To do","#results > div > div:nth-child(2) > div > div:nth-child(4) > p:nth-child(1)"
"https://substrakt.com/news/","","","This element has insufficient contrast at this conformance level. Expected a contrast ratio of at least 4.5:1, but text in this element has a contrast ratio of 3.73:1. Recommendation:  change text colour to #6d787f.","1.4.3","AA","Low","Automated","To do","#results > div > div:nth-child(2) > div > div:nth-child(4) > p:nth-child(2)"
"https://substrakt.com/news/","","","This element has insufficient contrast at this conformance level. Expected a contrast ratio of at least 4.5:1, but text in this element has a contrast ratio of 3.73:1. Recommendation:  change text colour to #6d787f.","1.4.3","AA","Low","Automated","To do","#results > div > div:nth-child(3) > div > div:nth-child(4) > p:nth-child(1)"
"https://substrakt.com/news/","","","This element has insufficient contrast at this conformance level. Expected a contrast ratio of at least 4.5:1, but text in this element has a contrast ratio of 3.73:1. Recommendation:  change text colour to #6d787f.","1.4.3","AA","Low","Automated","To do","#results > div > div:nth-child(3) > div > div:nth-child(4) > p:nth-child(2)"
"https://substrakt.com/news/","","","This element has insufficient contrast at this conformance level. Expected a contrast ratio of at least 4.5:1, but text in this element has a contrast ratio of 3.73:1. Recommendation:  change text colour to #6d787f.","1.4.3","AA","Low","Automated","To do","#results > div > div:nth-child(4) > div > div:nth-child(4) > p:nth-child(1)"
"https://substrakt.com/news/","","","This element has insufficient contrast at this conformance level. Expected a contrast ratio of at least 4.5:1, but text in this element has a contrast ratio of 3.73:1. Recommendation:  change text colour to #6d787f.","1.4.3","AA","Low","Automated","To do","#results > div > div:nth-child(4) > div > div:nth-child(4) > p:nth-child(2)"
"https://substrakt.com/news/","","","This element has insufficient contrast at this conformance level. Expected a contrast ratio of at least 4.5:1, but text in this element has a contrast ratio of 3.73:1. Recommendation:  change text colour to #6d787f.","1.4.3","AA","Low","Automated","To do","#results > div > div:nth-child(5) > div > div:nth-child(4) > p:nth-child(1)"
"https://substrakt.com/news/","","","This element has insufficient contrast at this conformance level. Expected a contrast ratio of at least 4.5:1, but text in this element has a contrast ratio of 3.73:1. Recommendation:  change text colour to #6d787f.","1.4.3","AA","Low","Automated","To do","#results > div > div:nth-child(5) > div > div:nth-child(4) > p:nth-child(2)"
"https://substrakt.com/news/","","","This element has insufficient contrast at this conformance level. Expected a contrast ratio of at least 4.5:1, but text in this element has a contrast ratio of 3.73:1. Recommendation:  change text colour to #6d787f.","1.4.3","AA","Low","Automated","To do","#results > div > div:nth-child(6) > div > div:nth-child(4) > p:nth-child(1)"
"https://substrakt.com/news/","","","This element has insufficient contrast at this conformance level. Expected a contrast ratio of at least 4.5:1, but text in this element has a contrast ratio of 3.73:1. Recommendation:  change text colour to #6d787f.","1.4.3","AA","Low","Automated","To do","#results > div > div:nth-child(7) > div > div:nth-child(4) > p:nth-child(1)"
"https://substrakt.com/news/","","","This element has insufficient contrast at this conformance level. Expected a contrast ratio of at least 4.5:1, but text in this element has a contrast ratio of 3.73:1. Recommendation:  change text colour to #6d787f.","1.4.3","AA","Low","Automated","To do","#results > div > div:nth-child(7) > div > div:nth-child(4) > p:nth-child(2)"
"https://substrakt.com/news/","","","This element has insufficient contrast at this conformance level. Expected a contrast ratio of at least 4.5:1, but text in this element has a contrast ratio of 3.73:1. Recommendation:  change text colour to #6d787f.","1.4.3","AA","Low","Automated","To do","#results > div > div:nth-child(8) > div > div:nth-child(4) > p:nth-child(1)"
"https://substrakt.com/news/","","","Duplicate id attribute value ""Layer_1"" found on the web page.","4.1.1","AA","Low","Automated","To do","#Layer_1"
"https://substrakt.com/news/","","","Duplicate id attribute value ""Layer_1"" found on the web page.","4.1.1","AA","Low","Automated","To do","#Layer_1"
"https://substrakt.com/news/","","","Img element missing an alt attribute. Use the alt attribute to specify a short text alternative.","1.1.1","AA","Low","Automated","To do","html > body > img:nth-child(16)"
"https://substrakt.com/news/","","","Img element missing an alt attribute. Use the alt attribute to specify a short text alternative.","1.1.1","AA","Low","Automated","To do","html > body > img:nth-child(17)"
"https://substrakt.com/privacy-policy/","","","Heading tag found with no content. Text that is not intended as a heading should not be marked up with heading tags.","1.3.1","AA","Low","Automated","To do","#main-content > section > section:nth-child(1) > div > div > h2"
"https://substrakt.com/privacy-policy/","","","Anchor element found with a valid href attribute, but no link content has been supplied.","4.1.2","AA","Low","Automated","To do","#what-data-do-we-collect > a"
"https://substrakt.com/privacy-policy/","","","Anchor element found with a valid href attribute, but no link content has been supplied.","4.1.2","AA","Low","Automated","To do","#how-do-we-collect-your-data > a"
"https://substrakt.com/privacy-policy/","","","Anchor element found with a valid href attribute, but no link content has been supplied.","4.1.2","AA","Low","Automated","To do","#how-do-we-store-your-data > a"
"https://substrakt.com/privacy-policy/","","","Anchor element found with a valid href attribute, but no link content has been supplied.","4.1.2","AA","Low","Automated","To do","#how-will-we-use-your-data > a"
"https://substrakt.com/privacy-policy/","","","Anchor element found with a valid href attribute, but no link content has been supplied.","4.1.2","AA","Low","Automated","To do","#marketing > a"
"https://substrakt.com/privacy-policy/","","","Anchor element found with a valid href attribute, but no link content has been supplied.","4.1.2","AA","Low","Automated","To do","#what-are-your-data-protection-rights > a"
"https://substrakt.com/privacy-policy/","","","Anchor element found with a valid href attribute, but no link content has been supplied.","4.1.2","AA","Low","Automated","To do","#privacy-policies-of-other-websites > a"
"https://substrakt.com/privacy-policy/","","","Anchor element found with a valid href attribute, but no link content has been supplied.","4.1.2","AA","Low","Automated","To do","#changes-to-our-privacy-policy > a"
"https://substrakt.com/privacy-policy/","","","Anchor element found with a valid href attribute, but no link content has been supplied.","4.1.2","AA","Low","Automated","To do","#how-to-contact-us > a"
"https://substrakt.com/privacy-policy/","","","Anchor element found with a valid href attribute, but no link content has been supplied.","4.1.2","AA","Low","Automated","To do","#how-to-contact-the-appropriate-authorities > a"
"https://substrakt.com/privacy-policy/","","","Duplicate id attribute value ""Layer_1"" found on the web page.","4.1.1","AA","Low","Automated","To do","#Layer_1"
"https://substrakt.com/privacy-policy/","","","Duplicate id attribute value ""Layer_1"" found on the web page.","4.1.1","AA","Low","Automated","To do","#Layer_1"